street,num_opponents,pot_bb,facing_bet_bb,effective_stack_bb,allow_bluffs,equity,pot_odds,action
preflop,3,66.69,21.65,132.02,0,0.29,0.245076,CALL
flop,3,60.27,15.0,95.86,0,0.045,0.199283,FOLD
flop,1,20.79,14.15,30.24,0,0.405,0.40498,CALL
preflop,4,16.85,1.96,76.04,0,0.145,0.1042,CALL
river,2,16.81,4.39,27.6,0,0.18,0.207075,FOLD
preflop,1,70.58,12.93,40.51,0,0.345,0.154832,CALL
turn,1,26.04,28.09,123.5,0,0.62,0.518936,CALL
turn,1,10.46,5.45,114.71,0,0.84,0.342552,RAISE
river,1,24.14,19.23,100.5,0,0.79,0.443394,RAISE
flop,2,60.01,16.61,53.69,0,0.175,0.216784,FOLD
turn,4,28.22,23.0,72.56,0,0.07,0.449043,FOLD
river,4,56.56,26.84,41.81,0,0.62,0.321823,CALL
flop,4,46.45,23.39,63.73,0,0.145,0.334908,FOLD
turn,2,16.94,15.01,55.94,0,0.21,0.469797,FOLD
turn,4,72.86,10.41,96.51,0,0.545,0.125015,CALL
turn,4,55.72,24.49,142.55,0,0.21,0.305324,FOLD
river,1,53.3,18.99,73.72,0,0.385,0.262692,CALL
turn,1,24.06,8.62,96.3,0,0.245,0.26377,CALL
flop,3,68.48,30.08,69.4,0,0.315,0.305195,CALL
river,1,36.45,12.09,96.38,0,0.51,0.249073,CALL
turn,2,22.04,21.81,82.64,0,0.335,0.497377,FOLD
turn,3,54.3,26.01,142.98,0,0.465,0.32387,CALL
flop,2,44.14,27.95,34.29,0,0.245,0.38771,FOLD
flop,4,41.43,15.06,123.1,0,0.35,0.266596,CALL
flop,2,68.09,12.25,92.31,0,0.38,0.152477,CALL
turn,3,36.56,14.84,98.92,0,0.095,0.288716,FOLD
turn,4,24.58,11.95,145.61,0,0.02,0.327128,FOLD
river,4,36.49,10.6,55.71,0,0.0,0.225101,FOLD
turn,1,27.72,18.56,70.25,0,0.56,0.401037,CALL
flop,4,5.41,2.37,113.55,0,0.485,0.304627,CALL
turn,2,32.12,2.86,49.19,0,0.055,0.081761,FOLD
preflop,1,76.37,19.04,122.23,0,0.375,0.19956,CALL
preflop,3,23.31,22.36,76.8,0,0.25,0.489599,FOLD
river,1,20.41,15.8,67.08,0,0.63,0.436344,CALL
preflop,3,41.68,4.25,46.13,0,0.255,0.092532,CALL
flop,2,51.53,19.28,36.27,0,0.095,0.272278,FOLD
preflop,3,42.17,3.72,51.43,0,0.165,0.081063,CALL
turn,3,45.15,2.57,85.55,0,0.745,0.053856,RAISE
turn,4,47.53,27.89,114.29,0,0.15,0.369796,FOLD
river,3,45.53,7.87,146.48,0,0.01,0.147378,FOLD
turn,4,9.84,9.1,20.67,0,0.18,0.480465,FOLD
flop,1,59.46,27.68,93.81,0,0.27,0.31765,FOLD
flop,4,60.32,21.2,74.06,0,0.075,0.260059,FOLD
river,1,5.53,2.29,28.29,0,0.025,0.292839,FOLD
preflop,1,36.82,23.52,133.39,0,0.61,0.389791,CALL
preflop,4,77.49,19.51,37.43,0,0.135,0.201134,FOLD
turn,3,73.32,12.97,73.81,0,0.485,0.150307,CALL
flop,3,6.72,5.14,141.41,0,0.11,0.43339,FOLD
river,1,40.99,15.19,121.97,0,0.8,0.270381,RAISE
preflop,3,45.14,13.14,44.15,0,0.235,0.225463,CALL
river,2,55.45,5.93,54.96,0,0.53,0.096611,CALL
river,2,55.17,19.25,143.89,0,0.615,0.258667,CALL
flop,4,38.12,23.78,109.76,0,0.09,0.384168,FOLD
turn,4,2.35,0.61,56.18,0,0.08,0.206081,FOLD
preflop,4,24.53,5.51,129.46,0,0.095,0.183422,FOLD
turn,3,29.19,28.59,77.08,0,0.29,0.494808,FOLD
flop,4,42.22,9.74,141.72,0,0.21,0.187452,CALL
river,2,6.04,4.53,114.38,0,0.39,0.428571,FOLD
river,2,60.69,20.64,69.92,0,0.56,0.253781,CALL
turn,2,5.11,0.37,122.61,0,0.105,0.067518,CALL
turn,3,42.79,27.4,113.7,0,0.24,0.390369,FOLD
turn,4,73.44,11.2,127.38,0,0.215,0.132325,CALL
turn,2,34.75,33.64,146.43,0,0.335,0.491885,FOLD
turn,3,68.49,3.16,124.99,0,0.16,0.044103,CALL
preflop,4,40.7,13.4,75.47,0,0.18,0.247689,FOLD
flop,2,77.97,3.5,105.39,0,0.73,0.042961,RAISE
preflop,1,28.25,10.94,146.86,0,0.525,0.279153,CALL
river,1,58.19,1.69,76.97,0,0.06,0.028223,CALL
flop,3,20.53,1.22,94.33,0,0.345,0.056092,CALL
flop,4,77.72,20.64,91.97,0,0.66,0.209841,RAISE
river,1,45.89,3.53,57.19,0,0.0,0.071429,FOLD
turn,1,26.27,15.98,37.63,0,0.58,0.378225,CALL
preflop,1,19.45,14.2,142.59,0,0.655,0.421991,RAISE
river,4,59.47,20.41,149.32,0,0.73,0.255508,RAISE
turn,4,6.22,6.38,37.86,0,0.08,0.506349,FOLD
turn,3,12.06,5.55,96.53,0,0.09,0.315162,FOLD
preflop,2,56.22,22.06,59.15,0,0.425,0.281809,CALL
turn,1,68.48,12.61,107.98,0,0.54,0.155506,CALL
preflop,4,36.37,2.22,105.15,0,0.195,0.057528,CALL
flop,1,10.01,4.95,92.43,0,0.395,0.330882,CALL
preflop,3,10.41,5.18,140.46,0,0.27,0.332264,FOLD
preflop,3,55.56,32.24,37.25,0,0.125,0.367198,FOLD
turn,4,76.62,34.15,60.65,0,0.03,0.308296,FOLD
preflop,2,76.65,18.22,122.21,0,0.435,0.192052,CALL
river,1,18.44,13.93,47.71,0,0.08,0.430337,FOLD
preflop,4,14.19,3.74,117.08,0,0.155,0.208589,FOLD
turn,2,54.36,8.21,57.07,0,0.91,0.131213,RAISE
flop,4,62.0,7.45,24.77,0,0.68,0.107271,RAISE
river,1,56.89,18.25,127.85,0,0.95,0.24288,RAISE
flop,2,12.51,7.7,135.8,0,0.1,0.381,FOLD
preflop,1,39.61,4.56,98.45,0,0.61,0.103237,CALL
river,3,49.73,34.71,71.67,0,0.24,0.411061,FOLD
river,1,75.77,28.71,103.24,0,0.96,0.274789,RAISE
preflop,3,28.52,4.0,86.73,0,0.125,0.123001,CALL
turn,2,17.82,5.34,100.42,0,0.435,0.23057,CALL
preflop,2,44.79,8.3,81.27,0,0.615,0.156338,CALL
turn,3,30.16,19.61,141.14,0,0.1,0.394012,FOLD
turn,2,68.63,4.38,50.5,0,0.21,0.059992,CALL
preflop,2,64.77,15.47,67.55,0,0.405,0.192797,CALL
flop,1,51.68,21.62,55.38,0,0.525,0.294952,CALL
flop,1,42.65,34.37,81.47,0,0.935,0.446248,RAISE
turn,2,26.71,17.9,103.8,0,0.14,0.401255,FOLD
river,2,49.82,11.29,103.32,0,0.215,0.184749,CALL
preflop,4,16.78,10.6,52.34,0,0.075,0.387144,FOLD
river,2,68.75,0.76,126.85,0,0.105,0.010934,CALL
flop,3,41.19,7.73,26.57,0,0.285,0.158013,CALL
river,3,28.87,22.71,120.06,0,0.125,0.440287,FOLD
turn,1,7.19,5.7,106.19,0,0.14,0.442203,FOLD
preflop,2,34.55,20.05,75.44,0,0.435,0.367216,CALL
turn,2,41.18,21.16,112.56,0,0.03,0.339429,FOLD
flop,2,24.71,11.8,59.59,0,0.505,0.323199,CALL
river,2,69.77,6.26,112.57,0,0.09,0.082336,CALL
turn,1,10.49,12.51,40.97,0,0.825,0.543913,RAISE
flop,2,2.12,0.06,101.31,0,0.085,0.027523,CALL
flop,1,18.24,15.0,123.94,0,0.535,0.451264,CALL
preflop,1,66.13,32.83,107.97,0,0.565,0.33175,CALL
flop,3,49.83,11.86,77.67,0,0.23,0.192252,CALL
preflop,4,37.98,5.98,119.83,0,0.13,0.136033,CALL
flop,1,9.06,8.88,135.34,0,0.32,0.494983,FOLD
flop,2,45.32,29.52,66.84,0,0.185,0.394441,FOLD
flop,4,42.32,18.32,99.31,0,0.05,0.302111,FOLD
river,3,68.91,0.5,34.5,0,0.885,0.007204,RAISE
flop,4,54.92,33.66,108.77,0,0.02,0.379995,FOLD
preflop,1,56.26,8.87,80.7,0,0.465,0.136189,CALL
river,3,13.83,5.47,70.87,0,0.44,0.28342,CALL
river,1,63.83,22.52,84.96,0,0.595,0.260799,CALL
preflop,3,11.42,9.37,90.97,0,0.305,0.450697,FOLD
flop,1,50.92,27.39,65.22,0,0.485,0.349764,CALL
flop,3,19.94,2.64,49.61,0,0.59,0.116918,CALL
river,4,23.78,20.83,115.7,0,0.27,0.466936,FOLD
flop,1,69.11,2.47,136.15,0,0.32,0.034507,CALL
preflop,3,28.93,16.88,88.47,0,0.245,0.368478,FOLD
river,3,39.92,23.3,88.92,0,0.935,0.368554,RAISE
river,1,73.79,14.16,84.92,0,0.79,0.161001,RAISE
river,4,13.54,13.87,68.05,0,0.25,0.50602,FOLD
preflop,2,4.09,0.01,54.15,0,0.285,0.002439,CALL
preflop,3,70.05,28.94,109.05,0,0.29,0.292353,CALL
turn,1,60.07,4.15,36.73,0,0.145,0.064622,CALL
flop,1,65.93,26.71,88.75,0,0.555,0.28832,CALL
turn,1,71.79,28.09,142.08,0,0.445,0.281237,CALL
flop,2,4.32,3.82,127.94,0,0.225,0.469287,FOLD
preflop,4,39.12,29.9,85.87,0,0.21,0.433208,FOLD
turn,4,27.15,3.18,83.49,0,0.185,0.104847,CALL
turn,2,70.71,21.97,87.11,0,0.06,0.237052,FOLD
river,3,12.64,3.92,124.46,0,0.03,0.236715,FOLD
flop,4,55.25,33.72,134.33,0,0.53,0.379004,CALL
turn,3,34.83,25.52,91.2,0,0.0,0.422867,FOLD
river,2,22.42,22.92,26.47,0,0.6,0.505514,CALL
turn,2,57.64,24.8,115.69,0,0.895,0.300825,RAISE
preflop,3,59.48,17.19,143.51,0,0.22,0.224208,CALL
river,3,13.99,1.36,127.99,0,0.585,0.088599,CALL
river,4,39.16,19.71,75.0,0,0.1,0.334806,FOLD
turn,2,63.32,29.5,25.88,0,0.135,0.317819,FOLD
turn,1,25.47,14.16,81.62,0,0.195,0.357305,FOLD
preflop,4,56.41,0.73,57.44,0,0.515,0.012776,CALL
river,1,45.83,17.02,149.18,0,0.005,0.270804,FOLD
preflop,4,30.13,23.27,39.71,0,0.125,0.435768,FOLD
river,3,71.24,27.35,72.59,0,0.005,0.277412,FOLD
turn,3,54.02,28.53,94.46,0,0.09,0.345609,FOLD
river,4,38.92,26.13,142.73,0,0.0,0.401691,FOLD
preflop,4,54.04,5.21,114.62,0,0.13,0.087932,CALL
river,1,10.94,1.3,41.86,0,0.64,0.106209,CALL
flop,2,61.51,22.8,36.32,0,0.4,0.270431,CALL
river,3,70.95,33.09,102.57,0,0.0,0.318051,FOLD
turn,3,55.08,24.82,44.9,0,0.32,0.310638,CALL
flop,4,30.19,26.57,134.89,0,0.22,0.468111,FOLD
preflop,1,31.44,31.15,110.14,0,0.39,0.497683,FOLD
preflop,2,64.17,2.12,60.52,0,0.23,0.031981,CALL
turn,2,39.5,26.89,125.9,0,0.105,0.405031,FOLD
flop,4,70.51,2.29,38.78,0,0.075,0.031456,CALL
flop,1,18.16,19.5,78.77,0,0.315,0.517791,FOLD
river,2,28.03,22.71,52.5,0,0.96,0.447576,RAISE
flop,3,19.59,10.01,117.84,0,0.085,0.338176,FOLD
turn,4,32.51,34.64,36.79,0,0.11,0.51586,FOLD
river,2,56.48,3.34,110.82,0,0.035,0.055834,FOLD
flop,2,38.72,9.77,40.98,0,0.66,0.201485,RAISE
preflop,2,76.78,3.38,128.6,0,0.405,0.042166,CALL
flop,2,27.9,21.27,134.92,0,0.305,0.432581,FOLD
river,1,72.72,23.28,52.28,0,0.485,0.2425,CALL
river,2,65.93,27.77,22.58,0,0.79,0.296371,RAISE
river,4,51.53,12.89,27.5,0,0.005,0.200093,FOLD
river,2,74.54,13.93,60.05,0,0.01,0.157455,FOLD
river,1,53.9,27.62,25.44,0,0.85,0.338813,RAISE
preflop,4,20.22,11.76,116.1,0,0.205,0.36773,FOLD
turn,2,74.68,26.82,98.09,0,0.16,0.264236,FOLD
river,3,67.3,17.49,79.25,0,0.98,0.206274,RAISE
flop,3,60.68,20.31,124.66,0,0.315,0.250772,CALL
river,3,2.9,0.41,35.87,0,0.125,0.123867,CALL
flop,1,45.87,29.8,24.55,0,0.645,0.393815,CALL
turn,3,54.77,32.91,38.62,0,0.02,0.375342,FOLD
preflop,4,9.45,3.96,94.38,0,0.19,0.295302,FOLD
turn,1,51.5,2.68,51.2,0,0.42,0.049465,CALL
flop,2,66.87,29.78,131.51,0,0.24,0.308122,FOLD
turn,3,10.48,5.52,129.12,0,0.225,0.345,FOLD
flop,3,39.9,26.63,52.21,0,0.03,0.400271,FOLD
flop,2,26.95,1.54,25.32,0,0.615,0.054054,CALL
turn,2,43.62,5.38,36.62,0,0.525,0.109796,CALL
turn,3,68.49,10.37,54.91,0,0.0,0.131499,FOLD
flop,3,22.97,16.03,125.01,0,0.795,0.411026,RAISE
flop,2,21.37,2.14,38.54,0,0.125,0.091025,CALL
preflop,1,50.02,4.14,140.03,0,0.54,0.07644,CALL
preflop,2,64.57,22.89,51.97,0,0.345,0.26172,CALL
river,1,13.46,2.28,51.86,0,0.98,0.144854,RAISE
river,4,26.43,20.36,127.54,0,0.82,0.435136,RAISE
preflop,2,56.81,3.41,72.95,0,0.275,0.056626,CALL
preflop,1,23.85,10.4,31.6,0,0.34,0.30365,CALL
river,4,10.51,2.27,34.09,0,0.13,0.177621,FOLD
river,2,66.78,3.24,137.21,0,0.05,0.046272,CALL
turn,3,65.47,0.57,136.57,0,0.2,0.008631,CALL
preflop,4,10.93,11.23,143.57,0,0.09,0.506769,FOLD
river,4,20.02,17.06,36.42,0,0.115,0.460086,FOLD
river,3,71.78,3.25,84.25,0,0.0,0.043316,FOLD
flop,2,76.35,12.2,91.69,0,0.535,0.137775,CALL
river,2,29.9,2.54,105.4,0,0.01,0.078298,FOLD
flop,2,46.96,9.98,103.68,0,0.28,0.175272,CALL
preflop,1,22.26,20.97,34.4,0,0.51,0.48508,CALL
preflop,2,65.49,26.66,86.81,0,0.32,0.289311,CALL
turn,3,6.15,2.01,32.72,0,0.26,0.246324,CALL
river,2,15.28,12.49,41.66,0,0.645,0.449766,CALL
river,4,10.8,8.89,114.67,0,0.495,0.451498,CALL
flop,2,25.68,8.88,123.97,0,0.475,0.256944,CALL
river,4,45.23,10.54,31.13,0,0.475,0.18899,CALL
river,3,46.1,24.17,132.36,0,0.375,0.343959,CALL
preflop,2,41.9,24.49,46.05,0,0.385,0.368881,CALL
turn,4,57.78,27.53,56.18,0,0.01,0.322705,FOLD
river,2,17.27,10.18,108.25,0,0.1,0.370856,FOLD
flop,2,6.02,3.9,22.93,0,0.125,0.393145,FOLD
turn,2,23.1,1.16,24.63,0,0.085,0.047815,CALL
flop,2,36.21,9.89,60.84,0,0.305,0.214534,CALL
turn,4,67.23,9.46,96.47,0,0.05,0.123354,FOLD
preflop,4,60.16,32.36,37.14,0,0.245,0.349762,FOLD
turn,2,13.46,9.98,26.45,0,0.02,0.425768,FOLD
preflop,2,73.13,0.89,99.17,0,0.38,0.012024,CALL
turn,2,37.02,14.66,94.01,0,0.055,0.283669,FOLD
flop,3,48.14,21.58,149.24,0,0.12,0.309524,FOLD
preflop,3,14.92,5.15,83.26,0,0.19,0.256602,FOLD
flop,3,23.54,17.81,86.67,0,0.39,0.430713,FOLD
turn,4,43.38,33.4,134.13,0,0.04,0.435009,FOLD
turn,4,22.33,1.46,83.12,0,0.15,0.06137,CALL
turn,4,5.3,1.8,23.15,0,0.055,0.253521,FOLD
preflop,4,58.75,33.3,119.15,0,0.145,0.36176,FOLD
river,3,76.84,8.25,79.98,0,0.0,0.096956,FOLD
preflop,2,42.9,29.03,21.28,0,0.33,0.403587,FOLD
flop,4,18.33,0.06,50.14,0,0.135,0.003263,CALL
preflop,3,58.82,7.48,92.77,0,0.205,0.112821,CALL
river,4,67.06,4.18,77.64,0,0.0,0.058675,FOLD
turn,1,61.8,27.61,48.28,0,0.33,0.308802,CALL
river,2,28.69,33.34,91.71,0,0.215,0.537482,FOLD
preflop,3,39.64,14.04,25.22,0,0.07,0.26155,FOLD
preflop,3,9.79,6.46,71.23,0,0.36,0.397538,FOLD
river,3,32.17,28.74,24.53,0,0.0,0.471844,FOLD
flop,3,17.41,16.98,114.59,0,0.085,0.493748,FOLD
river,1,7.97,3.57,39.08,0,0.95,0.309359,RAISE
river,2,3.41,1.33,28.28,0,0.0,0.280591,FOLD
river,3,45.4,17.18,50.51,0,0.49,0.274529,CALL
flop,4,47.25,14.63,74.38,0,0.245,0.236425,CALL
preflop,2,21.1,18.28,29.08,0,0.325,0.464195,FOLD
river,2,61.04,11.99,109.6,0,0.01,0.164179,FOLD
river,3,42.82,13.23,140.39,0,0.18,0.236039,FOLD
river,3,9.13,2.08,127.99,0,0.04,0.185549,FOLD
flop,3,69.65,8.72,55.79,0,0.155,0.111267,CALL
turn,2,74.76,16.52,131.31,0,0.3,0.180982,CALL
turn,4,21.49,25.45,96.19,0,0.11,0.542182,FOLD
preflop,2,11.3,5.57,71.52,0,0.465,0.330172,CALL
preflop,1,2.67,1.03,39.56,0,0.585,0.278378,CALL
turn,4,48.04,4.36,146.0,0,0.14,0.083206,CALL
preflop,2,56.22,26.68,27.95,0,0.265,0.321834,FOLD
turn,2,68.84,28.33,20.09,0,0.08,0.291551,FOLD
river,1,67.16,8.32,71.58,0,0.265,0.110228,CALL
river,2,33.01,32.94,149.81,0,0.07,0.499469,FOLD
flop,3,18.28,16.09,97.22,0,0.39,0.468141,FOLD
preflop,3,70.27,33.23,25.33,0,0.12,0.321063,FOLD
preflop,4,49.32,30.46,106.78,0,0.17,0.3818,FOLD
preflop,4,60.76,27.33,42.37,0,0.145,0.310251,FOLD
preflop,4,12.38,5.72,129.85,0,0.315,0.316022,CALL
preflop,3,69.08,34.52,52.1,0,0.175,0.333205,FOLD
flop,3,20.14,19.3,86.03,0,0.095,0.489351,FOLD
flop,3,78.88,22.16,64.16,0,0.185,0.219319,FOLD
turn,2,72.22,17.42,98.46,0,0.51,0.194333,CALL
river,3,45.78,21.34,59.77,0,0.0,0.317938,FOLD
preflop,3,78.78,34.55,127.45,0,0.31,0.304862,CALL
river,3,68.73,9.15,118.93,0,0.08,0.117488,FOLD
flop,2,28.2,24.4,23.29,0,0.165,0.463878,FOLD
preflop,3,78.45,22.28,82.29,0,0.255,0.221185,CALL
river,3,52.23,7.47,38.37,0,0.0,0.125126,FOLD
river,2,25.99,2.06,101.02,0,0.085,0.07344,CALL
river,4,73.51,3.88,141.55,0,0.0,0.050136,FOLD
turn,4,28.18,27.16,130.97,0,0.0,0.490784,FOLD
river,1,35.77,24.0,47.33,0,0.9,0.401539,RAISE
river,1,53.08,33.88,52.72,0,0.015,0.389604,FOLD
preflop,3,31.75,30.46,39.42,0,0.385,0.489632,FOLD
preflop,3,51.26,11.85,60.38,0,0.135,0.187767,FOLD
preflop,1,43.28,16.19,137.06,0,0.475,0.272238,CALL
preflop,1,30.75,27.15,149.09,0,0.44,0.468912,FOLD
river,2,13.82,8.67,142.22,0,0.025,0.385505,FOLD
preflop,4,3.83,3.28,73.94,0,0.1,0.461322,FOLD
preflop,2,61.26,25.75,58.82,0,0.275,0.295943,FOLD
turn,4,59.86,13.05,56.4,0,0.02,0.178988,FOLD
turn,2,20.32,10.92,20.25,0,0.3,0.349552,FOLD
river,2,68.39,20.08,147.04,0,0.205,0.22697,FOLD
river,1,4.43,0.64,44.14,0,0.81,0.126233,RAISE
preflop,2,49.08,16.42,61.97,0,0.365,0.250687,CALL
river,2,57.68,28.29,143.25,0,0.09,0.329068,FOLD
preflop,4,11.04,0.53,46.32,0,0.43,0.045808,CALL
flop,1,60.68,1.5,61.66,0,0.425,0.024124,CALL
preflop,1,55.93,34.13,89.26,0,0.385,0.37897,CALL
turn,4,57.93,32.64,79.68,0,0.245,0.360384,FOLD
flop,1,10.69,12.53,113.54,0,0.35,0.539621,FOLD
river,1,68.09,14.3,77.74,0,0.94,0.173565,RAISE
river,4,46.59,12.58,22.66,0,0.0,0.212608,FOLD
river,2,24.48,13.81,75.02,0,0.06,0.360669,FOLD
flop,1,78.66,4.76,57.34,0,0.52,0.057061,CALL
river,2,3.28,0.89,77.07,0,0.28,0.213429,CALL
river,4,28.06,20.64,65.1,0,0.005,0.423819,FOLD
turn,1,19.09,20.96,41.53,0,0.46,0.523346,FOLD
preflop,3,8.33,1.62,82.55,0,0.23,0.162814,CALL
turn,3,53.95,3.06,41.48,0,0.88,0.053675,RAISE
turn,3,18.42,10.2,111.42,0,0.7,0.356394,RAISE
preflop,4,9.27,9.74,63.49,0,0.185,0.512362,FOLD
flop,4,73.3,21.31,50.02,0,0.07,0.22524,FOLD
flop,4,3.61,0.56,117.42,0,0.245,0.134293,CALL
flop,1,79.39,5.68,64.47,0,0.72,0.066769,RAISE
flop,1,50.75,1.14,128.58,0,0.17,0.02197,CALL
flop,3,72.69,23.03,33.06,0,0.49,0.240598,CALL
preflop,1,35.52,21.46,70.5,0,0.475,0.376623,CALL
turn,2,58.5,27.5,132.94,0,0.165,0.319767,FOLD
river,4,17.67,18.32,129.13,0,0.035,0.50903,FOLD
turn,1,59.14,25.23,75.23,0,0.89,0.29904,RAISE
flop,1,79.32,22.51,135.67,0,0.57,0.221055,CALL
preflop,2,12.34,6.82,106.02,0,0.385,0.35595,CALL
flop,3,49.29,32.42,123.78,0,0.235,0.396769,FOLD
flop,2,50.74,2.5,113.72,0,0.545,0.046957,CALL
preflop,3,40.31,31.86,29.96,0,0.18,0.441458,FOLD
turn,1,33.73,8.41,98.27,0,0.92,0.199573,RAISE
river,1,20.93,10.54,113.21,0,0.135,0.334922,FOLD
river,3,4.93,4.06,27.48,0,0.395,0.451613,FOLD
flop,1,2.83,0.63,126.65,0,0.94,0.182081,RAISE
preflop,2,49.31,17.7,29.56,0,0.27,0.26414,CALL
turn,1,76.32,26.87,53.02,0,0.225,0.260393,FOLD
turn,1,41.58,34.76,95.51,0,0.67,0.455331,RAISE
turn,1,33.81,24.49,148.7,0,0.265,0.420069,FOLD
flop,1,74.03,7.58,93.03,0,0.635,0.092881,CALL
preflop,4,43.17,21.42,56.3,0,0.14,0.33163,FOLD
preflop,4,75.05,23.61,54.16,0,0.135,0.239307,FOLD
flop,1,12.99,6.17,86.33,0,0.615,0.322025,CALL
river,3,33.86,11.85,94.42,0,0.36,0.259243,CALL
preflop,1,42.78,26.95,42.65,0,0.36,0.386491,FOLD
flop,1,56.23,15.45,66.4,0,0.655,0.215541,RAISE
flop,4,31.71,21.68,109.13,0,0.27,0.406069,FOLD
preflop,2,33.48,20.62,132.88,0,0.515,0.381146,CALL
turn,3,8.88,3.13,33.98,0,0.02,0.260616,FOLD
flop,2,74.94,19.51,138.68,0,0.325,0.206564,CALL
river,2,52.13,28.9,148.86,0,0.89,0.356658,RAISE
turn,2,16.85,1.27,46.02,0,0.49,0.070088,CALL
preflop,1,32.61,19.23,43.61,0,0.41,0.370949,CALL
preflop,4,58.53,16.21,116.68,0,0.12,0.216885,FOLD
flop,1,22.69,15.09,98.86,0,0.54,0.399418,CALL
river,1,49.74,6.87,20.64,0,0.265,0.121357,CALL
river,2,4.89,3.36,76.09,0,0.105,0.407273,FOLD
flop,2,77.57,4.15,55.81,0,0.32,0.050783,CALL
turn,1,21.48,3.21,100.1,0,0.705,0.130012,RAISE
river,1,44.46,18.09,125.6,0,0.05,0.289209,FOLD
river,2,11.4,0.07,45.87,0,0.12,0.006103,CALL
river,3,21.44,25.66,28.55,0,0.555,0.544798,CALL
preflop,4,64.95,2.34,126.93,0,0.185,0.034775,CALL
flop,2,14.54,2.1,143.08,0,0.085,0.126202,FOLD
flop,3,72.57,3.1,95.53,0,0.24,0.040967,CALL
turn,4,23.47,15.4,20.04,0,0.145,0.396192,FOLD
flop,1,72.98,12.61,144.3,0,0.325,0.14733,CALL
river,3,44.58,21.58,89.99,0,0.04,0.326179,FOLD
river,1,42.14,9.1,68.41,0,0.035,0.177596,FOLD
river,2,68.85,12.93,123.86,0,0.63,0.158107,CALL
flop,1,10.45,7.38,147.66,0,0.325,0.413909,FOLD
river,3,30.24,26.33,143.5,0,0.31,0.465441,FOLD
preflop,2,66.48,8.92,112.92,0,0.325,0.118302,CALL
preflop,2,52.2,4.32,89.76,0,0.22,0.076433,CALL
turn,1,32.57,28.59,142.68,0,0.215,0.467462,FOLD
flop,1,47.99,26.43,122.2,0,0.795,0.355146,RAISE
river,4,44.25,3.52,99.84,0,0.83,0.073686,RAISE
turn,2,11.87,13.44,37.25,0,0.255,0.531015,FOLD
river,3,41.95,2.61,26.94,0,0.115,0.058573,CALL
turn,2,14.55,4.57,78.84,0,0.18,0.239017,FOLD
flop,3,19.71,15.28,123.67,0,0.315,0.436696,FOLD
river,4,5.04,2.6,45.19,0,0.04,0.340314,FOLD
flop,1,53.95,21.0,135.63,0,0.705,0.280187,RAISE
preflop,4,51.43,21.62,24.16,0,0.12,0.295962,FOLD
preflop,2,76.87,12.57,118.8,0,0.325,0.140541,CALL
turn,2,14.53,6.07,21.44,0,0.1,0.29466,FOLD
flop,3,71.92,11.71,146.79,0,0.515,0.140022,CALL
turn,1,29.5,31.86,122.14,0,0.315,0.519231,FOLD
river,1,79.64,4.83,113.91,0,0.26,0.05718,CALL
flop,2,56.25,3.61,68.48,0,0.77,0.060307,RAISE
preflop,1,50.37,13.72,39.61,0,0.45,0.214074,CALL
flop,2,12.1,2.45,37.51,0,0.255,0.168385,CALL
preflop,2,76.05,1.22,109.64,0,0.405,0.015789,CALL
preflop,3,16.46,7.88,38.54,0,0.135,0.323747,FOLD
river,2,13.08,1.89,67.89,0,0.835,0.126253,RAISE
river,2,65.47,32.64,28.17,0,0.8,0.332688,RAISE
turn,2,28.83,24.88,145.63,0,0.49,0.463228,CALL
flop,4,9.78,7.57,143.78,0,0.47,0.436311,CALL
flop,2,30.98,1.73,70.65,0,0.665,0.052889,RAISE
flop,3,8.75,10.26,54.8,0,0.46,0.539716,FOLD
turn,2,7.79,3.99,136.12,0,0.08,0.33871,FOLD
preflop,3,67.69,27.11,83.22,0,0.175,0.28597,FOLD
turn,2,77.11,15.45,34.29,0,0.105,0.166919,FOLD
turn,1,63.75,10.69,35.77,0,0.95,0.143606,RAISE
flop,3,17.03,12.88,121.97,0,0.04,0.430625,FOLD
turn,3,32.93,7.75,29.42,0,0.005,0.190511,FOLD
turn,4,22.55,26.89,59.27,0,0.205,0.543892,FOLD
preflop,4,13.08,7.51,99.29,0,0.24,0.36474,FOLD
flop,4,10.26,9.69,98.09,0,0.145,0.485714,FOLD
turn,1,54.23,31.18,136.84,0,0.49,0.365063,CALL
preflop,2,17.78,6.19,59.27,0,0.28,0.258239,CALL
turn,3,44.33,4.96,98.6,0,0.32,0.100629,CALL
turn,1,23.26,14.92,130.63,0,0.605,0.390781,CALL
preflop,3,62.52,33.59,102.91,0,0.27,0.349495,FOLD
river,1,19.11,9.91,73.28,0,0.93,0.341489,RAISE
preflop,2,65.54,14.26,117.11,0,0.735,0.178697,RAISE
turn,2,2.49,2.69,89.97,0,0.085,0.519305,FOLD
turn,2,48.98,23.49,101.68,0,0.045,0.324134,FOLD
river,2,33.1,20.35,125.1,0,0.035,0.38073,FOLD
river,2,50.27,25.79,54.05,0,0.855,0.339074,RAISE
turn,4,31.04,24.08,26.19,0,0.085,0.436865,FOLD
turn,3,55.41,11.4,97.65,0,0.3,0.170633,CALL
turn,3,15.28,15.43,38.19,0,0.37,0.502442,FOLD
preflop,4,41.82,1.06,45.38,0,0.26,0.02472,CALL
flop,4,16.66,5.58,69.6,0,0.215,0.250899,FOLD
river,3,15.28,5.41,56.0,0,0.0,0.261479,FOLD
turn,4,61.32,5.6,149.34,0,0.245,0.083682,CALL
preflop,4,76.97,0.42,128.7,0,0.25,0.005427,CALL
flop,4,12.91,6.81,48.21,0,0.035,0.345335,FOLD
river,4,2.37,2.6,58.35,0,0.78,0.523139,RAISE
preflop,2,74.27,20.14,94.77,0,0.36,0.213325,CALL
river,1,41.57,7.19,81.09,0,0.065,0.147457,FOLD
flop,2,23.12,27.68,51.23,0,0.53,0.544882,CALL
preflop,4,2.94,1.93,78.32,0,0.23,0.396304,FOLD
preflop,4,71.0,22.93,84.43,0,0.245,0.244118,CALL
preflop,2,54.6,14.72,101.32,0,0.435,0.212349,CALL
preflop,3,37.58,0.83,117.4,0,0.35,0.021609,CALL
preflop,3,2.12,0.53,48.31,0,0.25,0.2,CALL
preflop,4,21.11,1.28,139.78,0,0.15,0.057168,CALL
turn,2,57.86,3.34,91.57,0,0.555,0.054575,CALL
preflop,4,75.18,21.99,122.22,0,0.165,0.226304,FOLD
turn,3,31.78,1.61,133.79,0,0.1,0.048218,CALL
flop,4,68.48,15.47,131.31,0,0.155,0.184276,FOLD
turn,3,64.48,22.5,31.43,0,0.31,0.25868,CALL
preflop,4,5.97,4.38,143.64,0,0.17,0.423188,FOLD
preflop,4,66.08,11.5,67.41,0,0.28,0.148234,CALL
preflop,2,5.14,5.42,92.76,0,0.365,0.513258,FOLD
preflop,2,8.98,0.59,35.01,0,0.36,0.061651,CALL
turn,4,57.61,8.58,106.81,0,0.13,0.129627,CALL
flop,4,3.47,1.23,58.05,0,0.045,0.261702,FOLD
turn,2,27.92,25.82,71.28,0,0.285,0.480461,FOLD
river,3,62.64,9.09,65.09,0,0.345,0.126725,CALL
flop,4,10.06,9.19,128.67,0,0.13,0.477403,FOLD
river,4,70.92,26.58,139.81,0,0.0,0.272615,FOLD
river,2,38.04,5.53,118.55,0,0.04,0.126922,FOLD
preflop,2,48.41,5.81,120.31,0,0.225,0.107156,CALL
turn,2,24.97,7.38,139.49,0,0.155,0.22813,FOLD
river,2,32.85,2.66,49.78,0,0.72,0.074908,RAISE
turn,1,47.39,3.68,50.91,0,0.385,0.072058,CALL
river,3,76.88,9.62,134.84,0,0.14,0.111214,CALL
turn,2,45.09,6.6,118.86,0,0.42,0.127684,CALL
preflop,3,67.24,3.28,143.45,0,0.325,0.046512,CALL
river,3,57.58,33.77,58.96,0,0.72,0.369677,RAISE
preflop,2,36.73,9.33,54.75,0,0.38,0.202562,CALL
flop,1,47.36,7.71,89.37,0,0.515,0.140004,CALL
river,1,2.87,1.78,63.49,0,0.49,0.382796,CALL
river,3,54.75,28.29,26.07,0,0.53,0.340679,CALL
flop,2,40.26,19.66,74.43,0,0.13,0.328104,FOLD
flop,3,53.38,8.59,27.06,0,0.305,0.138615,CALL
preflop,2,43.24,21.02,73.9,0,0.24,0.327109,FOLD
turn,3,23.01,9.0,97.33,0,0.04,0.281162,FOLD
turn,3,41.1,2.77,89.26,0,0.015,0.063141,FOLD
turn,2,14.93,7.36,100.58,0,0.22,0.330193,FOLD
river,2,79.3,14.09,23.81,0,0.495,0.150873,CALL
turn,2,28.27,7.87,94.13,0,0.285,0.217764,CALL
river,4,9.56,0.59,83.72,0,0.085,0.058128,CALL
flop,1,63.34,22.05,147.07,0,0.485,0.258227,CALL
turn,3,71.64,4.1,55.92,0,0.07,0.054133,CALL
flop,1,41.24,17.75,26.94,0,0.355,0.300898,CALL
river,2,48.85,16.46,20.91,0,0.33,0.252029,CALL
turn,1,18.85,8.78,72.17,0,0.57,0.317771,CALL
preflop,1,50.62,18.67,25.59,0,0.53,0.269447,CALL
turn,4,31.63,8.22,125.51,0,0.835,0.206274,RAISE
river,2,48.08,10.77,93.73,0,0.17,0.183008,CALL
river,3,21.06,0.15,103.51,0,0.075,0.007072,CALL
flop,1,46.87,8.8,148.9,0,0.47,0.158074,CALL
river,2,40.44,16.36,48.38,0,0.48,0.288028,CALL
river,4,66.77,0.48,25.2,0,0.83,0.007138,RAISE
flop,3,71.67,3.55,33.11,0,0.04,0.047195,CALL
preflop,1,31.98,2.7,115.07,0,0.665,0.077855,RAISE
turn,3,71.3,12.32,148.86,0,0.06,0.147333,FOLD
turn,1,37.31,33.54,73.07,0,0.155,0.473394,FOLD
turn,4,60.64,17.23,148.42,0,0.15,0.221266,FOLD
turn,1,53.19,2.33,136.92,0,0.08,0.041967,CALL
flop,1,38.56,17.52,58.34,0,0.635,0.312411,CALL
river,1,67.75,26.21,80.16,0,0.68,0.278948,RAISE
turn,1,41.84,4.68,125.09,0,0.56,0.100602,CALL
preflop,2,59.7,26.81,129.18,0,0.58,0.309906,CALL
preflop,4,70.51,15.76,78.03,0,0.39,0.182682,CALL
flop,2,46.06,3.11,92.7,0,0.135,0.06325,CALL
flop,1,42.06,3.29,93.39,0,0.485,0.072547,CALL
turn,3,60.24,32.03,56.13,0,0.115,0.347133,FOLD
flop,4,65.46,3.85,69.88,0,0.11,0.055548,CALL
flop,1,21.71,9.41,69.14,0,0.47,0.302378,CALL
turn,1,21.51,11.18,89.53,0,0.135,0.342001,FOLD
preflop,3,73.41,4.83,57.48,0,0.245,0.061733,CALL
preflop,2,19.44,2.36,49.62,0,0.235,0.108257,CALL
turn,2,29.78,29.22,31.97,0,0.41,0.495254,FOLD
river,4,74.05,5.28,33.42,0,0.165,0.066557,CALL
preflop,2,3.8,3.68,81.62,0,0.355,0.491979,FOLD
preflop,4,66.01,9.18,130.04,0,0.155,0.122091,CALL
preflop,3,5.56,3.76,123.63,0,0.24,0.403433,FOLD
preflop,2,7.83,0.58,82.15,0,0.35,0.068966,CALL
river,4,16.63,1.43,92.03,0,0.345,0.079181,CALL
preflop,4,47.53,20.9,99.77,0,0.185,0.305422,FOLD
turn,4,41.72,33.45,74.73,0,0.14,0.444991,FOLD
turn,1,2.1,0.23,114.42,0,0.28,0.098712,CALL
turn,3,24.46,16.31,123.98,0,0.0,0.400049,FOLD
flop,1,55.78,12.58,39.92,0,0.435,0.184026,CALL
river,3,64.61,28.41,89.1,0,0.665,0.305418,RAISE
flop,1,27.13,17.51,125.36,0,0.665,0.392249,RAISE
river,3,43.47,32.82,66.58,0,0.715,0.430201,RAISE
flop,1,77.07,22.78,80.93,0,0.785,0.228142,RAISE
preflop,4,3.88,2.93,82.12,0,0.265,0.43025,FOLD
flop,4,49.78,4.44,82.24,0,0.335,0.081889,CALL
turn,4,41.88,20.6,40.77,0,0.065,0.329706,FOLD
turn,1,16.51,15.6,58.05,0,0.18,0.48583,FOLD
river,4,51.15,23.48,130.33,0,0.025,0.314619,FOLD
river,1,10.87,2.45,54.0,0,0.795,0.183934,RAISE
preflop,2,5.28,4.05,33.4,0,0.285,0.434084,FOLD
turn,2,31.24,8.95,103.67,0,0.18,0.222692,FOLD
turn,4,48.22,28.39,48.86,0,0.17,0.370578,FOLD
preflop,1,36.52,2.9,29.51,0,0.425,0.073567,CALL
turn,2,62.87,21.85,144.43,0,0.18,0.257908,FOLD
flop,3,41.59,24.98,66.56,0,0.35,0.375244,FOLD
flop,1,26.93,19.04,92.73,0,0.38,0.414183,FOLD
turn,2,51.4,14.6,31.51,0,0.39,0.221212,CALL
river,4,79.9,25.67,66.28,0,0.605,0.243156,CALL
preflop,2,44.92,22.43,107.88,0,0.285,0.333036,FOLD
preflop,1,43.68,15.45,104.28,0,0.365,0.261289,CALL
river,1,51.45,0.55,41.86,0,0.82,0.010577,RAISE
preflop,3,31.7,15.02,91.37,0,0.105,0.32149,FOLD
river,3,3.85,3.35,59.73,0,0.0,0.465278,FOLD
turn,2,76.83,3.3,47.26,0,0.36,0.041183,CALL
preflop,1,64.26,28.83,101.36,0,0.545,0.3097,CALL
flop,1,35.06,8.19,98.46,0,0.8,0.189364,RAISE
flop,2,63.26,8.31,52.02,0,0.32,0.11611,CALL
river,2,68.86,17.82,129.44,0,0.245,0.205584,CALL
preflop,1,12.21,9.47,116.51,0,0.57,0.436808,CALL
flop,1,69.97,10.98,51.68,0,0.42,0.135639,CALL
river,1,22.04,18.97,121.47,0,0.93,0.46257,RAISE
preflop,4,59.28,28.38,109.45,0,0.145,0.323751,FOLD
river,1,64.83,14.56,32.58,0,0.175,0.183398,CALL
flop,1,53.58,5.87,141.56,0,0.425,0.098738,CALL
turn,1,23.77,24.35,122.77,0,0.42,0.506027,FOLD
turn,1,40.97,14.91,84.19,0,0.945,0.266822,RAISE
flop,2,27.17,28.71,28.68,0,0.22,0.51378,FOLD
river,1,37.95,22.26,135.96,0,0.41,0.369706,CALL
preflop,3,14.11,16.68,24.01,0,0.35,0.541734,FOLD
flop,3,31.9,21.58,43.56,0,0.105,0.403515,FOLD
flop,2,64.86,23.61,90.04,0,0.28,0.26687,CALL
flop,4,33.58,1.57,79.53,0,0.19,0.044666,CALL
flop,3,2.0,0.81,90.57,0,0.605,0.288256,CALL
river,1,25.45,1.02,36.91,0,0.495,0.038534,CALL
flop,4,5.8,1.5,62.58,0,0.32,0.205479,CALL
preflop,4,65.47,9.27,84.45,0,0.215,0.12403,CALL
turn,3,59.6,27.87,68.44,0,0.21,0.318624,FOLD
flop,2,60.41,15.67,140.79,0,0.365,0.205967,CALL
river,1,26.61,26.76,108.45,0,0.365,0.501405,FOLD
river,4,26.19,27.25,84.6,0,0.18,0.509918,FOLD
preflop,2,18.78,4.63,131.0,0,0.44,0.197779,CALL
flop,3,17.27,1.12,28.16,0,0.03,0.060903,FOLD
preflop,1,73.58,26.19,147.69,0,0.59,0.262504,CALL
preflop,2,45.0,15.96,111.45,0,0.74,0.261811,RAISE
flop,4,56.02,21.24,64.34,0,0.65,0.274916,RAISE
preflop,4,66.8,9.7,117.92,0,0.345,0.126797,CALL
preflop,3,31.64,23.13,97.09,0,0.29,0.422311,FOLD
turn,1,75.14,11.28,64.8,0,0.915,0.130525,RAISE
flop,1,67.14,13.86,44.92,0,0.255,0.171111,CALL
preflop,1,74.43,11.42,55.43,0,0.34,0.133023,CALL
turn,2,8.97,1.71,43.71,0,0.275,0.160112,CALL
flop,4,29.34,27.3,95.71,0,0.11,0.481992,FOLD
river,3,49.94,9.2,106.22,0,0.795,0.155563,RAISE
river,2,20.59,18.33,105.18,0,0.89,0.470966,RAISE
river,1,40.13,15.14,97.66,0,0.87,0.273928,RAISE
turn,4,73.04,10.85,84.02,0,0.015,0.129336,FOLD
flop,3,50.88,5.82,132.68,0,0.26,0.102646,CALL
preflop,3,62.87,18.8,136.72,0,0.23,0.230195,CALL
preflop,4,16.47,1.85,39.15,0,0.235,0.100983,CALL
river,2,32.97,19.07,95.35,0,0.375,0.366449,CALL
preflop,3,73.63,13.21,48.3,0,0.32,0.152119,CALL
preflop,4,32.04,9.06,118.29,0,0.37,0.220438,CALL
river,3,14.65,0.9,97.27,0,0.0,0.057878,FOLD
turn,2,73.93,33.39,113.32,0,0.01,0.311126,FOLD
preflop,2,17.02,19.23,51.44,0,0.355,0.530483,FOLD
flop,3,29.3,10.89,38.61,0,0.165,0.270963,FOLD
turn,3,64.51,28.19,93.76,0,0.075,0.304099,FOLD
flop,1,6.33,6.75,72.75,0,0.38,0.516055,FOLD
river,3,41.01,3.49,102.45,0,0.11,0.078427,CALL
preflop,2,77.94,31.64,80.66,0,0.385,0.288739,CALL
turn,3,72.51,26.34,130.68,0,0.175,0.266464,FOLD
preflop,1,54.94,5.19,51.42,0,0.385,0.086313,CALL
river,1,5.33,1.3,98.66,0,0.345,0.196078,CALL
preflop,2,42.04,19.53,48.92,0,0.2,0.3172,FOLD
flop,3,75.88,11.35,131.7,0,0.335,0.130116,CALL
turn,1,71.74,13.73,123.68,0,0.435,0.160641,CALL
flop,3,61.69,14.62,32.49,0,0.28,0.191587,CALL
flop,1,54.51,33.03,57.75,0,0.37,0.377313,CALL
flop,3,66.04,7.25,59.48,0,0.47,0.098922,CALL
preflop,3,25.07,29.86,85.95,0,0.225,0.543601,FOLD
flop,3,9.78,7.11,69.09,0,0.245,0.420959,FOLD
turn,3,39.9,21.5,95.88,0,0.08,0.350163,FOLD
flop,1,3.91,2.13,121.73,0,0.44,0.352649,CALL
preflop,4,2.11,1.89,123.01,0,0.135,0.4725,FOLD
river,3,7.52,7.52,22.2,0,0.02,0.5,FOLD
river,2,33.61,3.73,148.47,0,0.0,0.099893,FOLD
river,3,31.17,5.66,93.78,0,0.155,0.153679,CALL
river,4,53.77,9.13,30.17,0,0.0,0.145151,FOLD
turn,2,48.75,8.31,105.98,0,0.355,0.145636,CALL
preflop,2,43.41,10.6,146.3,0,0.39,0.19626,CALL
preflop,4,22.42,3.13,101.61,0,0.145,0.122505,CALL
river,4,41.57,30.52,134.89,0,0.81,0.42336,RAISE
turn,2,50.55,12.06,100.5,0,0.245,0.192621,CALL
river,2,4.5,5.12,110.93,0,0.29,0.532225,FOLD
flop,3,7.17,5.37,114.99,0,0.115,0.42823,FOLD
turn,1,69.95,24.83,48.74,0,0.47,0.261975,CALL
river,1,26.79,0.58,99.28,0,0.92,0.021191,RAISE
river,4,5.15,0.51,77.87,0,0.22,0.090106,CALL
preflop,1,8.85,4.13,91.43,0,0.61,0.318182,CALL
river,2,42.63,17.0,90.33,0,0.98,0.285091,RAISE
turn,3,53.03,10.42,78.75,0,0.16,0.164224,CALL
preflop,2,26.67,0.82,101.43,0,0.19,0.029829,CALL
flop,3,35.06,21.43,135.21,0,0.095,0.379359,FOLD
flop,3,32.12,9.91,92.47,0,0.855,0.235784,RAISE
flop,4,31.21,11.8,23.04,0,0.145,0.274355,FOLD
river,2,15.52,7.78,132.57,0,0.0,0.333906,FOLD
flop,1,52.45,31.01,143.61,0,0.465,0.371555,CALL
flop,4,4.09,1.68,132.54,0,0.005,0.291161,FOLD
river,4,2.09,1.29,114.11,0,0.15,0.381657,FOLD
river,4,14.75,13.5,101.47,0,0.02,0.477876,FOLD
preflop,4,75.12,34.42,119.76,0,0.27,0.314223,FOLD
river,3,4.09,3.03,92.52,0,0.075,0.425562,FOLD
flop,1,28.13,11.2,91.06,0,0.75,0.28477,RAISE
river,4,27.79,9.3,86.65,0,0.0,0.250741,FOLD
turn,3,49.84,18.15,132.63,0,0.525,0.266951,CALL
preflop,4,20.07,10.43,112.12,0,0.245,0.341967,FOLD
preflop,4,78.45,4.44,77.53,0,0.225,0.053565,CALL
river,2,28.49,12.19,95.92,0,0.735,0.299656,RAISE
preflop,3,31.65,0.36,145.31,0,0.215,0.011246,CALL
turn,1,56.12,8.45,142.89,0,0.2,0.130866,CALL
preflop,3,49.71,12.98,67.82,0,0.18,0.207051,FOLD
turn,3,13.62,13.14,25.25,0,0.13,0.491031,FOLD
river,3,74.16,16.75,138.7,0,0.96,0.184248,RAISE
flop,1,24.62,25.39,92.86,0,0.15,0.507698,FOLD
preflop,4,24.66,9.5,132.69,0,0.2,0.278103,FOLD
flop,1,76.42,26.59,94.53,0,0.675,0.25813,RAISE
flop,2,20.99,8.44,115.19,0,0.62,0.286782,CALL
river,3,42.35,25.83,142.68,0,0.59,0.37885,CALL
preflop,4,7.94,4.92,41.63,0,0.275,0.382582,FOLD
turn,4,72.75,24.04,109.76,0,0.01,0.248373,FOLD
flop,3,65.28,20.79,66.2,0,0.255,0.241548,CALL
river,1,38.28,33.81,33.45,0,0.14,0.468997,FOLD
turn,4,76.86,23.63,87.83,0,0.01,0.235148,FOLD
turn,3,20.9,8.39,32.32,0,0.145,0.286446,FOLD
preflop,4,64.44,27.81,111.82,0,0.165,0.301463,FOLD
flop,2,6.76,3.55,43.34,0,0.13,0.344326,FOLD
preflop,4,35.89,7.6,53.52,0,0.28,0.174753,CALL
turn,2,30.08,17.04,91.17,0,0.04,0.36163,FOLD
turn,2,51.58,20.03,48.72,0,0.435,0.27971,CALL
river,1,20.03,8.05,60.35,0,0.945,0.286681,RAISE
river,3,59.39,22.99,79.96,0,0.51,0.279073,CALL
flop,4,24.83,27.94,111.94,0,0.075,0.529468,FOLD
preflop,3,50.28,17.62,71.36,0,0.43,0.259499,CALL
preflop,4,22.25,7.37,75.94,0,0.22,0.248818,FOLD
preflop,1,79.34,30.95,28.92,0,0.44,0.280624,CALL
turn,1,48.81,2.93,145.17,0,0.83,0.056629,RAISE
flop,4,5.75,4.44,90.47,0,0.505,0.435721,CALL
flop,2,63.82,0.21,35.92,0,0.92,0.00328,RAISE
preflop,3,8.1,1.39,100.43,0,0.135,0.14647,CALL
turn,4,2.61,0.59,97.58,0,0.09,0.184375,FOLD
turn,1,37.3,3.78,144.25,0,0.2,0.092016,CALL
turn,4,70.32,16.86,119.07,0,0.055,0.193393,FOLD
turn,3,60.33,4.49,61.85,0,0.205,0.069269,CALL
preflop,4,45.32,21.15,33.35,0,0.18,0.318189,FOLD
river,1,60.21,27.71,59.33,0,0.98,0.315173,RAISE
turn,3,45.43,32.53,77.07,0,0.09,0.417265,FOLD
river,4,12.43,3.9,122.76,0,0.0,0.238824,FOLD
flop,3,45.61,25.4,49.32,0,0.215,0.357696,FOLD
turn,1,47.62,7.7,125.82,0,0.135,0.13919,CALL
preflop,3,66.39,24.64,22.41,0,0.185,0.27068,FOLD
preflop,1,11.02,4.44,108.12,0,0.5,0.287193,CALL
river,4,53.15,13.55,100.47,0,0.06,0.203148,FOLD
turn,4,47.27,6.53,98.93,0,0.01,0.121375,FOLD
river,2,72.47,6.88,121.89,0,0.015,0.086704,FOLD
turn,3,54.16,26.9,109.21,0,0.09,0.331853,FOLD
preflop,1,50.98,26.38,129.85,0,0.43,0.341003,CALL
preflop,4,40.41,18.17,116.99,0,0.21,0.310174,FOLD
turn,3,23.46,22.38,27.82,0,0.405,0.48822,FOLD
river,3,20.46,20.37,68.72,0,0.3,0.498898,FOLD
flop,2,53.04,10.08,112.54,0,0.245,0.159696,CALL
flop,1,57.43,30.6,136.05,0,0.51,0.347609,CALL
turn,4,72.7,22.29,26.43,0,0.115,0.234656,FOLD
turn,2,32.5,13.43,26.01,0,0.81,0.292401,RAISE
preflop,3,76.3,15.74,32.91,0,0.26,0.171013,CALL
river,4,53.77,10.71,143.48,0,0.0,0.166098,FOLD
flop,1,78.54,23.64,28.36,0,0.54,0.231356,CALL
river,3,15.85,1.17,39.62,0,0.0,0.068743,FOLD
river,1,33.37,32.2,116.72,0,0.61,0.491078,CALL
preflop,2,10.48,6.91,79.25,0,0.3,0.397355,FOLD
flop,1,13.23,11.49,34.66,0,0.765,0.464806,RAISE
turn,3,15.78,12.94,73.59,0,0.86,0.450557,RAISE
turn,1,51.9,5.14,122.22,0,0.51,0.090112,CALL
turn,4,24.43,14.65,87.49,0,0.065,0.374872,FOLD
turn,4,67.4,20.57,28.84,0,0.08,0.23383,FOLD
preflop,3,69.5,31.56,35.62,0,0.26,0.31229,FOLD
turn,2,43.89,13.05,98.57,0,0.085,0.229189,FOLD
river,4,55.78,1.86,97.77,0,0.285,0.032269,CALL
river,2,25.54,9.78,65.47,0,0.035,0.276897,FOLD
preflop,2,68.93,27.28,97.09,0,0.375,0.283546,CALL
flop,2,2.25,0.48,36.05,0,0.265,0.175824,CALL
turn,1,73.19,5.79,102.3,0,0.585,0.07331,CALL
turn,1,52.16,3.59,56.81,0,0.715,0.064395,RAISE
turn,4,16.56,15.88,36.2,0,0.065,0.489519,FOLD
river,3,21.26,21.3,118.48,0,0.01,0.50047,FOLD
flop,4,64.74,4.81,55.95,0,0.09,0.069159,CALL
turn,2,7.52,0.73,75.43,0,0.125,0.088485,CALL
flop,2,65.74,28.86,112.04,0,0.37,0.305074,CALL
preflop,2,42.24,15.45,135.29,0,0.335,0.267811,CALL
flop,1,12.06,7.25,59.59,0,0.285,0.375453,FOLD
preflop,1,17.54,4.93,67.63,0,0.485,0.219404,CALL
turn,3,28.64,17.23,140.82,0,0.615,0.375627,CALL
river,1,12.94,0.85,80.87,0,0.24,0.061639,CALL
turn,3,54.16,18.81,22.03,0,0.05,0.257777,FOLD
preflop,3,48.86,28.38,27.78,0,0.31,0.367426,FOLD
preflop,3,20.88,19.02,55.21,0,0.355,0.476692,FOLD
turn,2,45.72,23.44,61.08,0,0.025,0.338924,FOLD
preflop,3,70.32,6.0,87.32,0,0.34,0.078616,CALL
preflop,3,64.89,28.08,84.59,0,0.1,0.302033,FOLD
flop,3,6.58,6.52,117.44,0,0.105,0.49771,FOLD
turn,3,72.37,5.65,97.96,0,0.175,0.072417,CALL
river,3,56.54,7.6,117.76,0,0.07,0.118491,FOLD
flop,2,4.37,4.25,148.46,0,0.32,0.493039,FOLD
river,1,12.25,3.08,125.67,0,0.73,0.200913,RAISE
river,2,72.3,13.68,100.86,0,0.48,0.159107,CALL
flop,1,6.26,4.85,141.84,0,0.52,0.436544,CALL
flop,2,78.89,31.5,137.36,0,0.265,0.285352,FOLD
preflop,2,4.4,4.76,54.93,0,0.35,0.519651,FOLD
river,3,71.58,24.78,124.0,0,0.04,0.257161,FOLD
turn,2,69.17,4.85,110.49,0,0.165,0.065523,CALL
turn,2,47.72,10.88,134.46,0,0.815,0.185666,RAISE
preflop,2,47.56,8.6,124.01,0,0.365,0.153134,CALL
turn,1,53.23,11.49,145.95,0,0.735,0.177534,RAISE
river,2,53.09,32.57,130.4,0,0.57,0.380224,CALL
preflop,4,12.0,3.46,90.0,0,0.12,0.223803,FOLD
preflop,2,75.22,4.52,133.08,0,0.415,0.056684,CALL
flop,4,50.26,25.93,146.42,0,0.205,0.340333,FOLD
flop,2,60.4,19.72,123.27,0,0.53,0.246131,CALL
preflop,4,71.01,9.93,68.06,0,0.19,0.122683,CALL
preflop,1,5.26,5.86,139.8,0,0.545,0.526978,CALL
flop,2,63.63,5.43,96.74,0,0.065,0.078627,CALL
preflop,4,78.48,13.21,60.12,0,0.21,0.144072,CALL
flop,2,21.76,6.56,134.11,0,0.2,0.231638,FOLD
river,1,44.47,19.06,35.77,0,1.0,0.300016,RAISE
flop,4,5.55,1.63,91.4,0,0.05,0.227019,FOLD
river,4,12.97,15.06,137.79,0,0.055,0.537281,FOLD
preflop,3,14.92,17.09,116.86,0,0.235,0.533896,FOLD
river,3,4.14,1.6,61.56,0,0.0,0.278746,FOLD
turn,3,10.42,9.4,28.22,0,0.17,0.474268,FOLD
turn,1,75.32,18.98,105.49,0,0.81,0.201273,RAISE
preflop,3,69.24,25.5,27.71,0,0.6,0.269158,CALL
flop,1,45.14,19.35,106.0,0,0.935,0.300047,RAISE
flop,3,30.32,25.08,116.23,0,0.135,0.452708,FOLD
flop,3,61.64,19.95,35.37,0,0.36,0.244515,CALL
preflop,4,65.1,20.82,73.72,0,0.33,0.242318,CALL
turn,1,22.61,19.05,91.24,0,0.805,0.457273,RAISE
turn,2,4.24,1.6,82.12,0,0.28,0.273973,CALL
flop,3,12.1,2.4,37.78,0,0.675,0.165517,RAISE
turn,1,8.42,4.97,62.2,0,0.39,0.371173,CALL
flop,3,14.56,4.97,29.14,0,0.14,0.25448,FOLD
river,3,21.48,16.82,132.45,0,0.02,0.439164,FOLD
flop,4,50.69,20.1,68.29,0,0.155,0.283938,FOLD
preflop,2,6.25,4.37,26.98,0,0.315,0.411488,FOLD
turn,1,22.11,25.7,42.08,0,0.91,0.537544,RAISE
river,2,53.76,0.44,83.35,0,0.01,0.008118,CALL
preflop,1,28.65,30.34,60.77,0,0.455,0.514324,FOLD
preflop,4,50.9,9.1,46.63,0,0.235,0.151667,CALL
flop,3,40.25,13.08,100.64,0,0.05,0.245265,FOLD
flop,1,9.32,10.4,85.33,0,0.19,0.527383,FOLD
river,2,67.94,15.69,109.53,0,0.0,0.187612,FOLD
river,2,33.2,2.97,131.43,0,0.1,0.082112,CALL
river,3,76.82,26.49,118.36,0,0.57,0.256413,CALL
preflop,2,78.98,13.14,74.67,0,0.345,0.14264,CALL
river,2,34.95,30.88,36.61,0,0.815,0.469087,RAISE
river,4,7.28,1.91,34.2,0,0.0,0.207835,FOLD
turn,1,71.75,27.34,128.09,0,0.84,0.275911,RAISE
flop,1,28.61,28.47,72.78,0,0.42,0.498774,FOLD
river,3,9.39,8.4,61.13,0,0.045,0.472175,FOLD
turn,3,35.85,24.59,43.07,0,0.05,0.40685,FOLD
turn,4,76.77,8.78,74.34,0,0.14,0.10263,CALL
flop,1,22.38,0.1,135.77,0,0.45,0.004448,CALL
river,2,3.58,0.73,67.0,0,0.76,0.169374,RAISE
flop,1,57.64,24.14,70.46,0,0.185,0.295182,FOLD
river,2,72.32,9.71,145.37,0,0.57,0.118371,CALL
river,2,62.54,17.49,30.48,0,0.21,0.218543,CALL
turn,2,6.23,6.12,109.44,0,0.21,0.495547,FOLD
turn,1,60.81,9.53,107.24,0,0.345,0.135485,CALL
preflop,1,36.51,7.67,69.2,0,0.46,0.173608,CALL
turn,4,42.81,16.1,39.43,0,0.02,0.273298,FOLD
preflop,4,43.65,21.11,67.4,0,0.17,0.325973,FOLD
turn,2,26.04,2.19,24.17,0,0.59,0.077577,CALL
turn,4,3.7,3.65,76.58,0,0.02,0.496599,FOLD
turn,4,33.81,28.84,61.82,0,0.12,0.460335,FOLD
river,2,39.46,34.99,76.92,0,0.18,0.46998,FOLD
river,3,31.95,16.36,135.87,0,0.655,0.338646,RAISE
preflop,1,38.38,23.29,67.54,0,0.41,0.377655,CALL
flop,3,45.78,20.88,133.65,0,0.105,0.313231,FOLD
turn,2,65.37,4.46,107.77,0,0.95,0.063869,RAISE
river,3,3.25,0.84,112.61,0,0.585,0.205379,CALL
turn,3,48.71,29.65,70.54,0,0.255,0.378382,FOLD
flop,3,71.68,34.26,91.84,0,0.505,0.323391,CALL
river,2,76.25,15.25,41.22,0,0.04,0.166667,FOLD
river,1,59.95,6.52,50.98,0,0.48,0.098089,CALL
river,2,12.45,1.91,135.06,0,0.085,0.133008,FOLD
river,4,60.72,1.96,69.83,0,0.545,0.03127,CALL
flop,4,40.02,14.79,72.13,0,0.09,0.269841,FOLD
river,3,42.16,16.93,43.84,0,0.0,0.286512,FOLD
flop,2,53.92,0.32,112.15,0,0.36,0.0059,CALL
river,2,70.92,11.41,77.91,0,0.465,0.138589,CALL
river,2,79.91,2.16,71.2,0,0.08,0.026319,CALL
flop,3,24.81,16.35,146.61,0,0.175,0.39723,FOLD
preflop,3,45.52,5.48,48.61,0,0.285,0.107451,CALL
turn,1,79.9,33.22,114.38,0,0.32,0.29367,CALL
preflop,4,47.02,30.12,40.31,0,0.245,0.390459,FOLD
flop,4,60.61,16.96,113.69,0,0.415,0.218641,CALL
river,4,72.39,2.54,131.44,0,0.255,0.033898,CALL
river,2,17.77,18.71,45.32,0,0.25,0.512884,FOLD
river,1,36.61,4.92,71.96,0,0.49,0.118469,CALL
preflop,3,57.52,26.77,109.79,0,0.245,0.317594,FOLD
turn,2,38.9,16.78,20.33,0,0.085,0.301365,FOLD
flop,1,4.01,2.6,61.62,0,0.435,0.393343,CALL
river,1,5.28,5.52,60.55,0,0.235,0.511111,FOLD
turn,3,23.23,17.73,121.85,0,0.18,0.432861,FOLD
river,2,44.86,12.77,33.15,0,0.19,0.221586,FOLD
turn,1,22.67,24.71,52.82,0,0.685,0.521528,RAISE
river,3,36.05,29.57,136.16,0,0.12,0.450625,FOLD
flop,4,7.6,3.57,46.72,0,0.035,0.319606,FOLD
flop,2,79.08,29.02,117.53,0,0.355,0.268455,CALL
river,4,12.54,0.88,35.5,0,0.0,0.065574,FOLD
turn,2,28.31,32.46,36.3,0,0.72,0.534145,RAISE
turn,2,4.04,0.25,129.92,0,0.405,0.058275,CALL
flop,4,63.42,12.64,54.87,0,0.055,0.166185,FOLD
preflop,4,47.29,9.26,35.02,0,0.3,0.163749,CALL
turn,3,4.25,0.38,136.48,0,0.065,0.082073,CALL
preflop,3,38.72,17.44,44.91,0,0.21,0.310541,FOLD
river,4,33.38,11.24,137.61,0,0.0,0.251905,FOLD
preflop,3,68.75,27.34,113.96,0,0.32,0.284525,CALL
flop,1,67.95,17.33,75.21,0,0.92,0.203213,RAISE
flop,4,25.9,15.49,50.96,0,0.105,0.374245,FOLD
turn,4,73.89,5.36,28.76,0,0.015,0.067634,FOLD
river,3,32.43,17.44,65.01,0,0.025,0.349709,FOLD
turn,1,78.25,23.19,149.53,0,0.45,0.228608,CALL
turn,1,15.89,4.96,146.66,0,0.395,0.23789,CALL
turn,1,50.72,2.61,78.39,0,0.385,0.048941,CALL
turn,1,54.08,28.39,93.4,0,0.265,0.344246,FOLD
turn,1,48.41,17.15,114.43,0,0.41,0.261592,CALL
turn,3,57.89,7.66,124.92,0,0.365,0.116857,CALL
preflop,4,52.39,27.96,98.18,0,0.305,0.347978,FOLD
preflop,3,32.91,4.71,77.65,0,0.335,0.125199,CALL
preflop,4,38.8,5.68,59.95,0,0.13,0.127698,CALL
preflop,4,20.3,23.64,95.41,0,0.115,0.538006,FOLD
river,4,67.41,4.42,94.99,0,0.0,0.061534,FOLD
preflop,4,22.15,24.09,141.39,0,0.24,0.520978,FOLD
turn,2,62.67,15.23,133.77,0,0.51,0.195507,CALL
flop,1,39.47,17.84,47.06,0,0.14,0.311289,FOLD
preflop,1,78.23,22.87,23.57,0,0.66,0.226212,RAISE
flop,1,76.01,11.55,45.72,0,0.52,0.13191,CALL
river,4,19.19,15.33,26.53,0,0.16,0.44409,FOLD
turn,1,58.46,25.05,148.32,0,0.9,0.299964,RAISE
turn,2,28.63,24.8,128.49,0,0.215,0.464159,FOLD
preflop,3,53.71,24.23,73.95,0,0.22,0.31088,FOLD
river,3,68.15,2.27,126.49,0,0.01,0.032235,FOLD
river,1,69.51,27.42,61.92,0,0.07,0.282885,FOLD
river,4,43.71,6.87,143.99,0,0.035,0.135824,FOLD
turn,2,72.32,32.45,100.48,0,0.88,0.309726,RAISE
turn,3,71.58,26.41,147.69,0,0.985,0.269517,RAISE
river,2,2.34,2.65,26.21,0,0.02,0.531062,FOLD
preflop,3,3.05,1.32,47.07,0,0.145,0.302059,FOLD
turn,3,34.2,14.4,25.9,0,0.065,0.296296,FOLD
flop,4,70.44,27.34,51.18,0,0.11,0.279607,FOLD
flop,4,41.27,12.49,146.23,0,0.22,0.232329,CALL
flop,1,26.3,27.32,68.03,0,0.695,0.509511,RAISE
turn,1,18.89,15.19,85.57,0,0.605,0.445716,CALL
river,4,54.16,13.57,37.88,0,0.885,0.200354,RAISE
turn,2,22.52,15.19,74.85,0,0.09,0.402811,FOLD
flop,2,30.11,13.05,54.93,0,0.915,0.302363,RAISE
preflop,4,71.04,30.43,131.05,0,0.18,0.299892,FOLD
river,2,78.34,34.79,138.06,0,0.135,0.307522,FOLD
flop,4,74.04,9.58,50.03,0,0.1,0.114566,CALL
flop,3,78.77,21.48,41.46,0,0.195,0.214264,CALL
flop,4,68.56,7.58,142.2,0,0.84,0.099553,RAISE
turn,1,51.8,32.64,70.03,0,0.145,0.386547,FOLD
flop,4,77.9,31.16,39.97,0,0.01,0.285714,FOLD
river,1,63.3,6.0,88.68,0,0.24,0.08658,CALL
turn,2,44.05,4.69,105.32,0,0.05,0.096225,FOLD
turn,4,37.33,34.9,81.99,0,0.02,0.483179,FOLD
preflop,1,63.8,28.06,39.75,0,0.435,0.305465,CALL
preflop,4,6.5,4.49,55.0,0,0.15,0.408553,FOLD
river,4,43.96,15.08,43.01,0,0.675,0.25542,RAISE
flop,2,53.79,27.39,105.89,0,0.22,0.337398,FOLD
river,1,51.96,28.94,87.94,0,0.77,0.357726,RAISE
turn,3,49.64,22.18,80.87,0,0.33,0.308828,CALL
preflop,1,11.14,4.19,131.5,0,0.48,0.27332,CALL
river,2,31.16,0.43,112.23,0,0.06,0.013612,CALL
turn,1,6.95,3.09,130.51,0,0.21,0.307769,FOLD
preflop,4,14.07,2.85,21.56,0,0.205,0.16844,CALL
turn,4,52.77,22.19,66.84,0,0.025,0.296025,FOLD
river,2,15.56,16.04,112.81,0,0.08,0.507595,FOLD
river,1,18.94,2.98,47.63,0,0.71,0.135949,RAISE
preflop,1,7.86,6.25,144.15,0,0.415,0.442948,FOLD
preflop,4,75.19,16.99,24.61,0,0.165,0.184313,CALL
preflop,1,4.16,2.76,33.26,0,0.35,0.398844,FOLD
river,1,37.6,12.02,139.49,0,0.18,0.242241,FOLD
flop,1,69.36,12.72,67.87,0,0.7,0.154971,RAISE
preflop,2,30.31,11.75,138.05,0,0.525,0.279363,CALL
preflop,4,23.67,11.61,142.52,0,0.325,0.329082,CALL
river,3,16.48,16.93,125.21,0,0.84,0.506735,RAISE
turn,4,38.72,19.33,59.67,0,0.335,0.332989,CALL
turn,4,65.23,19.16,103.32,0,0.2,0.227041,FOLD
preflop,2,59.17,10.92,56.47,0,0.23,0.1558,CALL
turn,2,45.35,27.36,76.19,0,0.04,0.376289,FOLD
flop,4,52.62,31.08,40.98,0,0.1,0.371326,FOLD
preflop,4,39.5,2.61,89.04,0,0.18,0.061981,CALL
river,1,54.98,9.78,83.86,0,0.845,0.151019,RAISE
turn,4,24.76,20.74,97.18,0,0.08,0.455824,FOLD
flop,4,51.95,5.44,148.19,0,0.23,0.09479,CALL
flop,1,20.32,15.18,24.2,0,0.63,0.427606,CALL
turn,4,31.52,0.73,110.08,0,0.04,0.022636,CALL
turn,3,10.42,8.0,45.09,0,0.13,0.434311,FOLD
turn,2,36.48,2.58,108.53,0,0.1,0.066052,CALL
preflop,4,46.57,33.46,50.62,0,0.225,0.418093,FOLD
river,3,21.7,21.54,41.2,0,0.005,0.49815,FOLD
turn,4,65.53,3.22,147.72,0,0.045,0.046836,CALL
preflop,3,24.41,3.87,104.86,0,0.23,0.136846,CALL
flop,2,38.05,18.1,146.89,0,0.735,0.322351,RAISE
flop,4,30.82,31.26,67.06,0,0.35,0.503544,FOLD
preflop,3,50.24,17.6,115.58,0,0.275,0.259434,CALL
turn,2,10.38,4.42,140.23,0,0.02,0.298649,FOLD
river,4,44.66,18.58,44.28,0,0.745,0.293801,RAISE
preflop,2,4.7,1.93,147.6,0,0.255,0.291101,FOLD
preflop,2,71.67,2.89,103.02,0,0.3,0.038761,CALL
river,2,9.52,5.61,47.59,0,0.04,0.370787,FOLD
river,4,48.22,31.02,124.72,0,0.08,0.391469,FOLD
river,4,64.79,27.65,31.62,0,0.0,0.299113,FOLD
flop,1,12.42,1.59,72.61,0,0.49,0.11349,CALL
preflop,3,37.83,32.39,89.99,0,0.16,0.461265,FOLD
river,2,19.95,18.62,120.56,0,0.0,0.482759,FOLD
river,2,9.36,6.03,116.87,0,0.09,0.391813,FOLD
preflop,2,22.74,6.99,33.56,0,0.275,0.235116,CALL
turn,3,10.97,7.18,52.46,0,0.19,0.395592,FOLD
river,2,66.61,17.73,104.8,0,0.165,0.210221,FOLD
turn,4,34.82,11.27,126.79,0,0.0,0.244522,FOLD
river,4,31.52,22.66,41.75,0,0.735,0.418236,RAISE
turn,2,22.48,17.66,104.19,0,0.12,0.43996,FOLD
river,4,23.1,7.14,129.42,0,0.035,0.236111,FOLD
flop,4,68.86,9.56,44.34,0,0.335,0.121908,CALL
river,1,65.96,31.13,37.5,0,0.82,0.32063,RAISE
flop,4,52.0,11.92,52.41,0,0.39,0.186483,CALL
river,2,21.2,23.69,39.73,0,0.28,0.527734,FOLD
river,1,44.09,6.62,122.62,0,0.06,0.130546,FOLD
turn,3,47.36,10.75,42.24,0,0.08,0.184994,FOLD
turn,3,23.36,5.82,108.36,0,0.02,0.199452,FOLD
flop,3,24.41,13.78,134.04,0,0.035,0.360827,FOLD
preflop,1,5.42,2.25,66.74,0,0.365,0.293351,CALL
flop,1,33.15,24.16,94.64,0,0.485,0.421567,CALL
river,1,16.87,9.06,141.97,0,0.045,0.349402,FOLD
flop,4,6.27,3.65,44.4,0,0.055,0.367944,FOLD
turn,4,13.27,10.85,120.28,0,0.235,0.449834,FOLD
preflop,1,28.55,26.12,95.31,0,0.33,0.477776,FOLD
turn,4,67.87,30.26,105.88,0,0.115,0.308366,FOLD
turn,2,12.94,6.34,28.73,0,0.895,0.328838,RAISE
turn,1,37.9,2.78,25.17,0,0.28,0.068338,CALL
preflop,3,55.43,7.24,23.8,0,0.45,0.115526,CALL
turn,2,69.47,16.48,32.51,0,0.215,0.191739,CALL
turn,1,73.97,20.38,105.14,0,0.36,0.216004,CALL
flop,1,4.93,0.41,119.57,0,0.81,0.076779,RAISE
flop,4,66.45,32.1,96.65,0,0.07,0.325723,FOLD
preflop,3,66.86,1.7,99.09,0,0.195,0.024796,CALL
flop,2,12.45,14.13,78.49,0,0.27,0.531603,FOLD
preflop,4,24.19,17.37,37.76,0,0.125,0.41795,FOLD
preflop,3,60.1,24.71,135.3,0,0.485,0.291357,CALL
river,3,45.4,14.37,122.04,0,0.705,0.240422,RAISE
turn,3,7.41,8.68,144.78,0,0.24,0.539466,FOLD
river,3,24.95,15.9,149.54,0,0.345,0.389229,FOLD
river,3,13.29,5.58,79.52,0,0.0,0.295707,FOLD
flop,4,34.43,2.25,55.78,0,0.08,0.061341,CALL
turn,4,27.62,0.0,49.17,0,0.15,0.0,CHECK
preflop,3,22.05,6.88,132.53,0,0.235,0.237815,CALL
flop,1,25.52,12.99,88.27,0,0.92,0.337315,RAISE
preflop,3,60.25,23.14,100.25,0,0.165,0.277491,FOLD
river,4,20.66,8.46,36.71,0,0.0,0.290522,FOLD
river,2,28.31,10.19,72.45,0,0.675,0.264675,RAISE
preflop,2,60.62,27.44,131.73,0,0.27,0.311606,FOLD
flop,3,50.49,32.91,83.71,0,0.27,0.394604,FOLD
preflop,1,48.98,2.33,69.31,0,0.41,0.04541,CALL
river,2,28.11,27.12,147.98,0,0.0,0.491037,FOLD
turn,4,40.81,24.05,101.18,0,0.145,0.370799,FOLD
flop,1,64.69,8.97,22.91,0,0.425,0.121776,CALL
turn,1,75.07,23.21,113.15,0,0.14,0.236162,FOLD
river,1,34.74,20.29,69.6,0,0.58,0.368708,CALL
river,1,56.61,17.17,80.69,0,0.02,0.232719,FOLD
preflop,2,4.55,3.41,129.33,0,0.25,0.428392,FOLD
preflop,4,33.16,32.73,81.49,0,0.29,0.496737,FOLD
river,2,12.03,10.1,141.15,0,0.035,0.456394,FOLD
flop,2,18.4,19.21,114.11,0,0.13,0.510768,FOLD
turn,4,11.1,7.17,29.88,0,0.125,0.392447,FOLD
flop,3,77.56,0.94,22.56,0,0.605,0.011975,CALL
flop,2,11.92,3.94,20.46,0,0.305,0.248424,CALL
river,2,18.96,5.69,137.91,0,0.065,0.230832,FOLD
preflop,1,63.62,1.58,79.21,0,0.53,0.024233,CALL
flop,3,24.35,15.32,23.9,0,0.11,0.386186,FOLD
flop,4,38.26,1.16,100.33,0,0.195,0.029427,CALL
river,2,61.5,4.58,130.25,0,0.615,0.06931,CALL
turn,1,39.54,12.92,63.67,0,0.63,0.246283,CALL
preflop,2,75.31,25.58,133.38,0,0.5,0.253543,CALL
flop,1,64.44,34.88,50.95,0,0.375,0.351188,CALL
preflop,1,47.47,3.05,54.2,0,0.57,0.060372,CALL
turn,1,40.8,16.43,55.31,0,0.575,0.287087,CALL
flop,3,79.71,2.29,77.13,0,0.45,0.027927,CALL
preflop,1,73.78,11.28,114.85,0,0.53,0.132612,CALL
preflop,4,78.9,29.89,55.47,0,0.43,0.27475,CALL
river,4,34.62,20.61,27.46,0,0.0,0.373167,FOLD
preflop,3,19.67,16.34,45.5,0,0.335,0.453763,FOLD
flop,3,21.69,18.8,147.24,0,0.425,0.464312,FOLD
river,1,30.28,1.46,35.38,0,0.945,0.045999,RAISE
river,3,12.64,5.8,45.43,0,0.14,0.314534,FOLD
turn,1,50.79,18.6,31.96,0,0.225,0.26805,FOLD
preflop,2,25.88,0.52,40.39,0,0.24,0.019697,CALL
turn,2,77.1,12.68,64.86,0,0.255,0.141234,CALL
flop,3,10.25,0.64,103.19,0,0.75,0.05877,RAISE
preflop,4,75.07,13.92,28.31,0,0.275,0.156422,CALL
turn,3,50.07,30.57,129.63,0,0.865,0.379092,RAISE
river,2,27.29,23.54,135.29,0,0.56,0.463112,CALL
river,4,54.05,26.39,79.48,0,0.0,0.328071,FOLD
preflop,1,66.99,19.15,42.63,0,0.59,0.222313,CALL
preflop,1,35.93,0.73,88.08,0,0.425,0.019913,CALL
river,1,58.23,8.18,81.52,0,0.445,0.123174,CALL
flop,3,39.11,28.11,24.47,0,0.805,0.418179,RAISE
flop,2,49.83,32.46,83.25,0,0.17,0.394459,FOLD
turn,1,67.66,18.43,86.14,0,0.77,0.214078,RAISE
turn,4,25.24,9.63,22.23,0,0.09,0.276169,FOLD
flop,2,19.91,20.67,79.19,0,0.405,0.509364,FOLD
preflop,1,64.32,21.06,55.13,0,0.435,0.246662,CALL
preflop,3,52.54,0.13,87.05,0,0.24,0.002468,CALL
flop,1,35.25,12.54,138.84,0,0.685,0.262398,RAISE
preflop,2,48.19,2.72,40.66,0,0.46,0.053428,CALL
flop,3,72.15,33.33,26.96,0,0.195,0.315984,FOLD
turn,1,56.18,6.62,130.56,0,0.79,0.105414,RAISE
river,3,61.71,15.71,93.47,0,0.865,0.202919,RAISE
turn,3,34.19,2.49,112.81,0,0.485,0.067884,CALL
flop,1,32.23,27.32,48.88,0,0.765,0.458774,RAISE
turn,2,12.32,9.31,109.58,0,0.79,0.430421,RAISE
river,1,23.97,8.77,30.6,0,0.75,0.267868,RAISE
flop,3,50.18,33.98,20.26,0,0.505,0.403755,CALL
turn,1,5.42,5.42,58.91,0,0.87,0.5,RAISE
flop,4,62.04,5.11,121.79,0,0.15,0.076098,CALL
river,3,62.09,23.48,59.42,0,0.085,0.274395,FOLD
preflop,4,17.76,12.79,134.46,0,0.205,0.418658,FOLD
preflop,1,8.84,2.61,117.06,0,0.535,0.227948,CALL
turn,3,65.71,16.04,93.31,0,0.025,0.196208,FOLD
flop,3,75.5,20.82,131.89,0,0.225,0.216154,CALL
turn,3,76.17,30.94,48.05,0,0.02,0.288862,FOLD
preflop,1,55.36,22.46,149.59,0,0.58,0.288615,CALL
turn,1,17.54,18.84,128.75,0,0.325,0.517867,FOLD
river,4,70.23,15.86,27.59,0,0.865,0.184226,RAISE
preflop,1,70.79,19.33,109.23,0,0.315,0.214492,CALL
river,2,41.81,31.74,148.31,0,0.75,0.431543,RAISE
river,3,21.64,18.0,73.74,0,0.065,0.454087,FOLD
preflop,1,28.55,7.13,119.34,0,0.435,0.199832,CALL
turn,1,69.63,31.22,50.3,0,0.35,0.309569,CALL
river,4,43.02,17.92,59.59,0,0.11,0.29406,FOLD
river,2,79.69,30.74,139.06,0,0.335,0.278366,CALL
preflop,4,13.88,15.82,142.2,0,0.365,0.53266,FOLD
turn,4,11.67,7.18,136.82,0,0.225,0.380902,FOLD
flop,4,15.39,1.7,65.62,0,0.18,0.099473,CALL
river,1,34.76,27.41,57.29,0,0.69,0.440888,RAISE
turn,1,73.06,3.91,36.77,0,0.305,0.050799,CALL
turn,4,53.11,8.38,98.39,0,0.03,0.136282,FOLD
river,1,31.4,18.07,140.07,0,0.84,0.365272,RAISE
preflop,3,5.35,2.73,146.69,0,0.14,0.337871,FOLD
river,1,4.11,3.07,96.54,0,0.98,0.427577,RAISE
river,3,74.88,8.29,24.44,0,0.0,0.099675,FOLD
river,2,69.6,8.96,66.27,0,0.735,0.114053,RAISE
turn,1,6.98,6.93,147.6,0,0.71,0.498203,RAISE
flop,3,76.98,20.8,51.44,0,0.26,0.212722,CALL
turn,3,4.27,1.79,22.71,0,0.315,0.29538,CALL
turn,1,65.45,20.33,37.0,0,0.64,0.237002,CALL
flop,1,27.55,27.51,132.47,0,0.73,0.499637,RAISE
preflop,3,20.33,21.32,109.05,0,0.255,0.511885,FOLD
river,1,54.85,6.89,76.03,0,0.94,0.111597,RAISE
river,1,60.18,12.15,64.4,0,0.435,0.16798,CALL
preflop,3,31.73,3.35,76.6,0,0.22,0.095496,CALL
river,4,15.64,7.4,114.44,0,0.0,0.321181,FOLD
preflop,4,16.3,4.04,84.51,0,0.165,0.198623,FOLD
turn,2,38.43,30.89,111.09,0,0.34,0.445615,FOLD
turn,1,52.0,9.76,83.2,0,0.105,0.158031,FOLD
turn,3,60.85,15.89,93.31,0,0.165,0.207063,FOLD
flop,2,71.43,25.05,47.25,0,0.165,0.259639,FOLD
turn,4,43.87,6.52,137.83,0,0.065,0.129391,FOLD
flop,3,2.97,2.48,76.76,0,0.335,0.455046,FOLD
river,4,77.1,17.56,125.21,0,0.205,0.185506,CALL
turn,2,16.69,5.24,55.95,0,0.055,0.238942,FOLD
flop,4,12.58,10.45,109.61,0,0.195,0.453756,FOLD
flop,1,49.42,29.47,96.3,0,0.33,0.373558,FOLD
river,2,28.26,12.98,138.65,0,0.05,0.314743,FOLD
turn,2,27.64,24.77,59.19,0,0.8,0.47262,RAISE
flop,1,70.91,15.84,63.42,0,0.47,0.182594,CALL
river,1,71.6,3.11,50.22,0,0.375,0.041628,CALL
flop,1,25.93,2.63,21.4,0,0.66,0.092087,RAISE
river,2,13.48,0.74,46.6,0,0.065,0.052039,CALL
flop,2,65.97,13.37,28.4,0,0.1,0.168515,FOLD
turn,1,66.41,20.67,94.15,0,0.94,0.237368,RAISE
flop,3,8.53,4.42,60.93,0,0.355,0.341313,CALL
preflop,1,68.23,24.26,63.76,0,0.595,0.262299,CALL
preflop,2,26.26,27.92,32.01,0,0.335,0.515319,FOLD
flop,4,56.82,3.72,109.09,0,0.875,0.061447,RAISE
turn,3,76.27,16.7,111.11,0,0.04,0.179628,FOLD
preflop,1,77.75,28.78,38.25,0,0.555,0.270159,CALL
preflop,4,44.13,7.59,127.4,0,0.17,0.146752,CALL
preflop,2,61.93,14.7,54.67,0,0.35,0.191831,CALL
flop,3,35.54,9.29,129.54,0,0.52,0.207227,CALL
preflop,3,67.57,32.44,44.05,0,0.165,0.324368,FOLD
flop,3,39.63,13.92,28.96,0,0.115,0.259944,FOLD
preflop,4,57.29,24.58,23.75,0,0.315,0.300232,CALL
flop,3,8.85,7.39,43.33,0,0.195,0.455049,FOLD
river,4,70.15,33.21,145.92,0,0.0,0.321304,FOLD
river,3,63.45,32.23,52.95,0,0.02,0.336852,FOLD
preflop,1,6.67,0.66,56.14,0,0.525,0.090041,CALL
preflop,2,38.99,31.52,44.64,0,0.46,0.447029,CALL
flop,2,37.77,20.51,109.11,0,0.43,0.351922,CALL
preflop,2,14.54,8.16,53.36,0,0.38,0.359471,CALL
turn,2,3.63,2.37,54.74,0,0.18,0.395,FOLD
turn,1,64.98,28.01,21.89,0,0.91,0.301215,RAISE
turn,3,34.3,6.61,63.33,0,0.07,0.161574,FOLD
flop,2,46.28,27.67,74.43,0,0.64,0.374172,CALL
river,4,49.89,32.83,56.15,0,0.16,0.396881,FOLD
turn,4,79.9,15.3,25.5,0,0.68,0.160714,RAISE
preflop,1,53.89,18.81,55.7,0,0.615,0.258735,CALL
turn,2,70.52,5.78,104.24,0,0.24,0.075754,CALL
turn,2,41.12,20.71,148.5,0,0.275,0.334951,FOLD
river,4,58.53,5.73,78.86,0,0.01,0.089169,FOLD
flop,2,58.27,9.67,91.18,0,0.28,0.142331,CALL
turn,1,49.05,24.41,99.17,0,0.355,0.33229,CALL
flop,4,18.69,14.92,124.74,0,0.05,0.443916,FOLD
preflop,4,55.07,20.43,123.86,0,0.165,0.270596,FOLD
preflop,4,11.68,9.86,118.08,0,0.2,0.457753,FOLD
turn,2,57.88,1.58,125.3,0,0.315,0.026572,CALL
preflop,2,31.78,8.14,73.57,0,0.675,0.203908,RAISE
river,1,46.52,23.4,45.52,0,0.835,0.334668,RAISE
preflop,2,69.95,15.0,83.65,0,0.375,0.176574,CALL
preflop,3,21.28,11.03,112.54,0,0.19,0.34138,FOLD
river,2,68.77,7.0,148.04,0,0.95,0.092385,RAISE
flop,1,46.99,20.55,61.5,0,0.275,0.304264,FOLD
river,1,41.68,0.75,81.61,0,0.645,0.017676,CALL
preflop,2,15.17,14.38,50.16,0,0.305,0.486633,FOLD
turn,3,73.63,3.6,77.47,0,0.59,0.046614,CALL
preflop,1,5.47,6.46,98.02,0,0.48,0.541492,FOLD
preflop,3,54.37,11.75,81.86,0,0.325,0.177707,CALL
river,4,47.17,31.6,25.3,0,0.01,0.401168,FOLD
turn,4,10.6,7.32,77.41,0,0.12,0.408482,FOLD
turn,2,6.6,4.74,25.18,0,0.42,0.417989,CALL
preflop,2,28.41,10.17,65.51,0,0.285,0.263608,CALL
river,4,2.71,3.0,65.13,0,0.07,0.525394,FOLD
preflop,2,66.36,32.21,134.69,0,0.44,0.326773,CALL
flop,2,66.0,30.47,96.3,0,0.57,0.315849,CALL
turn,3,70.86,31.34,115.79,0,0.03,0.306654,FOLD
river,1,7.15,2.72,144.61,0,0.26,0.275583,CALL
river,2,12.57,11.65,121.25,0,0.6,0.481007,CALL
flop,1,45.53,5.07,47.75,0,0.2,0.100198,CALL
turn,3,59.7,33.29,139.67,0,0.275,0.357995,FOLD
preflop,3,4.87,2.98,64.94,0,0.26,0.379618,FOLD
turn,2,53.12,4.89,137.98,0,0.22,0.084296,CALL
turn,3,47.27,14.33,67.5,0,0.19,0.23263,FOLD
preflop,1,32.94,33.92,115.68,0,0.535,0.507329,CALL
turn,2,60.25,14.88,143.31,0,0.47,0.198057,CALL
river,1,55.03,30.08,137.96,0,0.285,0.353425,FOLD
river,4,28.22,26.37,56.39,0,0.26,0.483056,FOLD
river,1,63.23,20.01,120.51,0,0.08,0.240389,FOLD
preflop,2,27.75,5.94,60.25,0,0.5,0.176313,CALL
preflop,2,45.46,9.75,141.34,0,0.395,0.176598,CALL
river,4,26.5,9.97,20.62,0,0.0,0.273375,FOLD
flop,1,61.75,14.0,39.07,0,0.97,0.184818,RAISE
flop,1,33.21,0.16,104.25,0,0.3,0.004795,CALL
flop,4,49.24,14.03,56.38,0,0.155,0.221748,FOLD
turn,4,50.98,18.18,129.64,0,0.42,0.262869,CALL
preflop,4,56.74,19.78,148.57,0,0.26,0.258495,CALL
flop,1,44.57,2.86,33.75,0,0.705,0.060299,RAISE
flop,4,38.04,26.5,123.3,0,0.02,0.410598,FOLD
flop,1,63.0,0.82,82.68,0,0.61,0.012849,CALL
flop,1,33.83,13.72,70.37,0,0.215,0.288538,FOLD
turn,3,60.96,25.76,99.02,0,0.22,0.297048,FOLD
turn,4,29.32,7.46,74.06,0,0.02,0.202828,FOLD
turn,4,14.84,15.38,135.54,0,0.52,0.508934,CALL
turn,1,49.49,20.24,131.37,0,0.84,0.290262,RAISE
river,4,62.32,30.74,148.95,0,0.035,0.330325,FOLD
flop,4,79.55,32.66,129.09,0,0.055,0.291061,FOLD
river,3,26.04,30.44,29.22,0,0.0,0.538952,FOLD
river,2,19.69,2.1,95.59,0,0.19,0.096374,CALL
turn,2,69.36,21.31,58.35,0,0.095,0.235028,FOLD
turn,4,59.98,0.33,91.19,0,0.09,0.005472,CALL
preflop,2,71.19,12.82,66.25,0,0.45,0.152601,CALL
preflop,1,68.12,32.99,28.67,0,0.655,0.326278,RAISE
preflop,4,21.59,13.38,84.02,0,0.195,0.382614,FOLD
turn,4,70.02,7.29,88.83,0,0.785,0.094296,RAISE
flop,1,58.87,32.31,134.03,0,0.225,0.354354,FOLD
turn,1,49.82,31.2,42.71,0,0.135,0.38509,FOLD
preflop,2,37.42,28.14,148.87,0,0.275,0.429225,FOLD
river,4,71.07,3.02,92.13,0,0.05,0.040761,CALL
preflop,2,15.5,13.14,24.18,0,0.37,0.458799,FOLD
flop,2,10.52,1.35,146.42,0,0.485,0.113732,CALL
turn,1,15.79,3.06,113.57,0,0.7,0.162334,RAISE
preflop,4,78.71,11.82,109.48,0,0.325,0.130564,CALL
river,1,51.44,7.52,146.19,0,0.25,0.127544,CALL
preflop,4,40.79,17.21,60.98,0,0.435,0.296724,CALL
flop,4,55.37,28.1,113.46,0,0.265,0.336648,FOLD
river,4,64.31,29.52,95.59,0,0.87,0.314612,RAISE
flop,1,41.34,26.69,109.25,0,0.365,0.392327,FOLD
turn,3,19.45,2.04,93.65,0,0.46,0.094928,CALL
preflop,3,65.05,17.6,83.08,0,0.315,0.212946,CALL
river,1,59.6,1.85,75.98,0,0.4,0.030106,CALL
preflop,4,43.73,15.73,88.18,0,0.18,0.264548,FOLD
river,4,45.9,25.08,47.94,0,0.42,0.353339,CALL
preflop,2,44.59,5.17,76.24,0,0.375,0.103899,CALL
preflop,2,52.25,5.15,28.35,0,0.33,0.089721,CALL
preflop,1,31.19,31.95,97.63,0,0.585,0.506018,CALL
preflop,3,63.86,19.11,31.45,0,0.2,0.230324,FOLD
turn,3,39.39,29.39,135.66,0,0.49,0.427304,CALL
river,4,9.79,2.64,129.1,0,0.565,0.212389,CALL
turn,3,62.34,15.51,45.46,0,0.2,0.199229,CALL
preflop,1,58.86,20.64,85.84,0,0.515,0.259623,CALL
turn,1,43.58,12.03,103.08,0,0.94,0.216328,RAISE
flop,1,67.19,28.03,116.3,0,0.2,0.294371,FOLD
preflop,3,78.0,16.39,123.04,0,0.125,0.173641,FOLD
preflop,2,61.35,22.11,138.13,0,0.295,0.264917,CALL
river,4,51.59,29.28,137.46,0,0.705,0.362063,RAISE
turn,4,34.3,4.78,102.45,0,0.065,0.122313,FOLD
turn,2,13.64,1.08,43.03,0,0.135,0.07337,CALL
turn,2,66.83,15.91,30.54,0,0.88,0.192289,RAISE
flop,4,19.22,0.89,80.54,0,0.06,0.044257,CALL
flop,2,68.53,13.95,149.28,0,0.32,0.169132,CALL
river,1,65.22,31.26,80.99,0,0.31,0.324005,CALL
river,2,44.47,18.55,45.63,0,0.73,0.294351,RAISE
flop,4,10.64,7.71,141.81,0,0.06,0.420163,FOLD
river,2,59.78,31.3,42.02,0,0.09,0.343654,FOLD
preflop,2,41.8,33.15,142.35,0,0.305,0.442295,FOLD
turn,4,27.96,24.12,85.92,0,0.395,0.463134,FOLD
flop,4,42.86,21.54,58.79,0,0.035,0.334472,FOLD
preflop,4,18.4,1.23,93.45,0,0.235,0.062659,CALL
turn,1,49.95,23.59,149.46,0,0.565,0.320778,CALL
turn,3,7.67,9.18,127.81,0,0.895,0.544807,RAISE
preflop,4,47.22,32.59,94.24,0,0.235,0.408345,FOLD
turn,3,62.1,27.31,109.69,0,0.12,0.305447,FOLD
preflop,2,6.45,0.31,102.53,0,0.385,0.045858,CALL
preflop,4,41.58,12.41,31.1,0,0.38,0.229857,CALL
preflop,2,52.64,8.64,37.97,0,0.285,0.140992,CALL
river,1,25.19,8.05,57.52,0,0.275,0.242178,CALL
turn,4,62.09,33.88,33.78,0,0.795,0.353027,RAISE
flop,4,71.62,2.43,43.71,0,0.045,0.032816,CALL
turn,2,57.22,12.39,98.4,0,0.27,0.177992,CALL
flop,3,49.94,21.21,138.56,0,0.69,0.298103,RAISE
preflop,3,54.4,12.95,86.48,0,0.08,0.192279,FOLD
river,3,66.49,29.49,109.52,0,0.11,0.307252,FOLD
river,3,78.84,17.48,89.32,0,0.275,0.181478,CALL
river,2,25.76,13.0,85.02,0,0.065,0.335397,FOLD
flop,2,5.91,1.85,68.68,0,0.19,0.238402,FOLD
river,1,76.54,16.92,39.09,0,0.16,0.18104,FOLD
turn,4,2.49,2.01,117.92,0,0.095,0.446667,FOLD
turn,1,70.07,11.62,29.84,0,0.9,0.142245,RAISE
flop,3,11.74,1.35,107.97,0,0.19,0.103132,CALL
flop,1,43.12,1.34,73.81,0,0.8,0.030139,RAISE
preflop,4,40.15,13.52,109.74,0,0.145,0.25191,FOLD
river,4,7.68,8.43,146.51,0,0.06,0.523277,FOLD
turn,3,5.23,2.34,92.33,0,0.06,0.309115,FOLD
turn,2,23.48,14.77,125.01,0,0.09,0.386144,FOLD
preflop,2,22.96,11.27,139.11,0,0.355,0.329243,CALL
preflop,4,65.36,16.57,123.57,0,0.18,0.202246,FOLD
turn,1,69.73,33.21,23.91,0,0.28,0.322615,FOLD
river,2,64.98,17.94,88.76,0,0.0,0.216353,FOLD
river,3,31.4,8.51,137.33,0,0.025,0.21323,FOLD
turn,3,2.93,0.01,31.67,0,0.28,0.003401,CALL
turn,4,4.78,3.51,59.89,0,0.065,0.423402,FOLD
preflop,1,5.54,0.54,110.7,0,0.485,0.088816,CALL
flop,4,9.77,2.48,115.62,0,0.28,0.202449,CALL
river,4,47.16,8.69,84.6,0,0.08,0.155595,FOLD
preflop,1,11.71,3.88,135.1,0,0.655,0.248877,RAISE
turn,3,51.74,6.72,149.96,0,0.38,0.11495,CALL
flop,2,40.25,27.6,98.83,0,0.57,0.40678,CALL
preflop,1,67.92,17.19,85.97,0,0.665,0.201974,RAISE
turn,2,31.01,17.21,116.8,0,0.495,0.356906,CALL
river,1,9.58,8.41,60.38,0,0.08,0.467482,FOLD
flop,2,70.13,7.39,135.96,0,0.295,0.09533,CALL
river,4,64.23,25.49,88.48,0,0.0,0.284106,FOLD
preflop,3,79.35,26.55,132.23,0,0.175,0.250708,FOLD
river,1,46.01,24.72,61.26,0,0.83,0.349498,RAISE
turn,1,35.04,11.22,81.38,0,0.385,0.242542,CALL
river,4,69.42,15.85,79.54,0,0.0,0.18588,FOLD
river,1,46.76,30.6,133.97,0,0.5,0.395553,CALL
flop,2,45.97,18.07,131.19,0,0.63,0.282167,CALL
turn,2,65.28,3.31,136.39,0,0.02,0.048258,FOLD
river,4,53.13,9.04,134.41,0,0.0,0.145408,FOLD
flop,1,31.38,9.49,43.48,0,0.355,0.2322,CALL
flop,4,7.72,5.79,106.71,0,0.25,0.428571,FOLD
flop,3,5.87,0.2,130.54,0,0.055,0.032949,CALL
turn,1,32.65,20.45,148.12,0,0.775,0.385122,RAISE
preflop,4,46.98,1.16,61.7,0,0.265,0.024096,CALL
flop,4,10.67,5.01,61.94,0,0.035,0.319515,FOLD
river,4,20.29,0.35,35.87,0,0.105,0.016957,CALL
turn,3,48.49,9.85,141.42,0,0.89,0.168838,RAISE
flop,3,2.35,2.29,25.45,0,0.165,0.493534,FOLD
river,3,70.98,12.88,101.24,0,0.95,0.153589,RAISE
preflop,4,73.94,26.08,109.37,0,0.28,0.260748,CALL
turn,1,11.31,6.82,56.84,0,0.65,0.376172,RAISE
preflop,2,63.12,16.43,59.4,0,0.13,0.206537,FOLD
flop,2,48.82,21.4,82.74,0,0.175,0.304756,FOLD
flop,1,32.65,14.49,29.17,0,0.22,0.307382,FOLD
river,3,71.16,2.03,51.97,0,0.0,0.027736,FOLD
preflop,1,10.86,7.2,34.89,0,0.555,0.398671,CALL
flop,1,66.56,26.09,105.72,0,0.32,0.281597,CALL
preflop,4,4.1,4.56,146.01,0,0.185,0.526559,FOLD
turn,3,53.14,28.85,139.69,0,0.14,0.351872,FOLD
flop,4,29.58,26.47,103.17,0,0.035,0.472257,FOLD
preflop,4,37.2,3.09,21.22,0,0.125,0.076694,CALL
turn,1,21.64,9.57,110.0,0,0.24,0.306632,FOLD
river,3,32.74,0.1,105.07,0,0.0,0.003045,CALL
turn,4,47.72,9.0,128.69,0,0.01,0.158674,FOLD
turn,3,57.73,1.57,68.31,0,0.19,0.026476,CALL
turn,1,56.67,24.66,47.14,0,0.72,0.303209,RAISE
preflop,3,3.35,0.31,29.32,0,0.325,0.084699,CALL
turn,4,30.66,33.25,116.7,0,0.505,0.520263,CALL
preflop,2,59.29,32.47,47.76,0,0.265,0.353858,FOLD
river,1,14.61,15.05,126.95,0,0.995,0.507417,RAISE
flop,1,55.86,33.13,95.89,0,0.465,0.372289,CALL
preflop,4,16.82,5.26,108.71,0,0.2,0.238225,FOLD
preflop,1,64.55,9.5,86.84,0,0.52,0.128292,CALL
river,2,17.19,20.09,120.76,0,0.005,0.538895,FOLD
preflop,1,31.0,10.16,22.41,0,0.405,0.246842,CALL
preflop,4,59.23,18.62,110.02,0,0.16,0.239178,FOLD
river,4,53.78,32.89,55.24,0,0.0,0.379485,FOLD
turn,4,74.04,23.56,45.31,0,0.01,0.241393,FOLD
river,1,30.51,22.7,80.59,0,0.935,0.426612,RAISE
turn,3,40.35,18.51,135.64,0,0.28,0.314475,FOLD
river,2,62.84,30.32,20.96,0,0.405,0.325462,CALL
flop,2,58.26,26.37,35.74,0,0.4,0.311592,CALL
flop,2,3.68,0.47,125.95,0,0.35,0.113253,CALL
preflop,4,29.36,24.07,80.36,0,0.13,0.450496,FOLD
river,1,35.43,13.66,147.52,0,0.715,0.278264,RAISE
turn,2,34.56,15.88,86.28,0,0.36,0.31483,CALL
flop,1,16.24,10.26,29.41,0,0.53,0.38717,CALL
river,1,11.38,12.43,96.84,0,0.77,0.52205,RAISE
river,4,69.87,9.17,33.19,0,0.085,0.116017,FOLD
preflop,4,48.68,9.96,78.15,0,0.155,0.16985,CALL
preflop,4,64.33,0.9,130.75,0,0.15,0.013797,CALL
flop,2,32.81,33.13,105.7,0,0.225,0.502426,FOLD
flop,3,8.76,5.63,90.6,0,0.1,0.391244,FOLD
preflop,3,63.24,27.52,86.95,0,0.155,0.303217,FOLD
turn,3,30.69,22.4,75.2,0,0.275,0.421925,FOLD
flop,2,30.83,15.64,120.67,0,0.24,0.336561,FOLD
preflop,2,23.66,27.06,141.19,0,0.34,0.533517,FOLD
river,3,12.66,13.56,92.08,0,0.39,0.517162,FOLD
preflop,3,54.45,1.07,54.53,0,0.17,0.019272,CALL
turn,4,63.11,33.49,132.03,0,0.12,0.346687,FOLD
flop,4,22.19,15.23,32.57,0,0.135,0.407002,FOLD
flop,3,39.48,13.42,70.84,0,0.135,0.253686,FOLD
river,2,13.88,8.17,144.84,0,0.235,0.370522,FOLD
turn,3,4.86,0.76,103.35,0,0.135,0.135231,CALL
flop,1,78.83,34.86,45.99,0,0.29,0.306623,CALL
river,1,46.84,13.18,148.62,0,0.635,0.219593,CALL
turn,4,9.25,1.14,104.11,0,0.5,0.109721,CALL
turn,3,71.87,18.06,124.46,0,0.08,0.200823,FOLD
preflop,1,21.61,13.21,84.91,0,0.495,0.37938,CALL
preflop,2,61.42,19.38,40.51,0,0.37,0.239851,CALL
flop,3,67.02,33.31,117.61,0,0.09,0.332004,FOLD
turn,1,41.62,20.16,50.69,0,0.145,0.326319,FOLD
preflop,4,51.42,34.87,79.97,0,0.18,0.404102,FOLD
river,1,48.26,8.83,33.66,0,0.93,0.154668,RAISE
river,4,62.86,20.73,59.68,0,0.02,0.247996,FOLD
preflop,2,35.2,1.43,102.56,0,0.37,0.039039,CALL
preflop,3,3.81,3.2,33.95,0,0.285,0.456491,FOLD
turn,2,38.47,30.66,144.87,0,0.86,0.443512,RAISE
turn,2,78.94,16.17,27.59,0,0.11,0.170014,FOLD
preflop,3,34.04,21.08,71.99,0,0.37,0.382438,CALL
river,2,6.56,0.45,121.28,0,0.055,0.064194,CALL
flop,2,16.89,10.1,102.3,0,0.16,0.374213,FOLD
preflop,4,43.96,28.93,30.64,0,0.23,0.396899,FOLD
flop,3,67.97,2.48,100.44,0,0.02,0.035202,CALL
flop,3,48.3,33.6,27.34,0,0.155,0.410256,FOLD
river,2,26.2,16.82,81.65,0,0.105,0.390981,FOLD
preflop,3,30.32,17.35,29.58,0,0.375,0.363961,CALL
flop,4,45.72,14.92,82.57,0,0.2,0.246042,FOLD
river,3,77.55,32.89,114.05,0,0.99,0.297809,RAISE
river,2,58.58,14.05,25.94,0,0.745,0.193446,RAISE
river,2,27.39,18.02,57.51,0,0.03,0.396829,FOLD
river,3,65.88,6.03,37.99,0,0.08,0.083855,CALL
turn,4,30.9,4.81,110.48,0,0.065,0.134696,FOLD
flop,2,40.42,11.91,50.14,0,0.39,0.227594,CALL
flop,2,36.41,28.76,38.05,0,0.575,0.441307,CALL
flop,2,26.95,26.37,51.83,0,0.36,0.494561,FOLD
turn,2,35.74,0.66,88.52,0,0.18,0.018132,CALL
turn,2,7.35,7.46,126.29,0,0.28,0.503714,FOLD
preflop,4,65.27,6.86,126.53,0,0.23,0.095106,CALL
turn,1,13.2,5.09,77.41,0,0.635,0.278294,CALL
flop,1,44.23,8.21,100.23,0,0.37,0.15656,CALL
flop,2,44.91,5.6,129.42,0,0.35,0.110869,CALL
turn,2,31.48,17.32,94.4,0,0.12,0.354918,FOLD
preflop,4,32.34,31.24,69.58,0,0.25,0.491349,FOLD
flop,4,20.74,5.15,132.11,0,0.805,0.198919,RAISE
flop,3,22.93,19.53,28.78,0,0.18,0.459962,FOLD
preflop,3,63.92,6.04,24.04,0,0.245,0.086335,CALL
flop,2,56.29,18.58,41.54,0,0.165,0.248163,FOLD
turn,3,7.18,6.82,132.4,0,0.09,0.487143,FOLD
preflop,3,42.72,32.76,85.44,0,0.315,0.434022,FOLD
flop,1,63.66,24.88,42.61,0,0.26,0.281003,FOLD
preflop,3,6.36,0.88,42.47,0,0.385,0.121547,CALL
preflop,3,70.45,23.77,110.82,0,0.34,0.252282,CALL
preflop,4,27.09,21.73,124.33,0,0.165,0.445104,FOLD
turn,4,9.33,7.66,32.6,0,0.0,0.450853,FOLD
turn,1,75.36,27.61,84.35,0,1.0,0.268136,RAISE
flop,3,2.76,2.21,113.67,0,0.08,0.444668,FOLD
river,3,50.66,31.76,93.75,0,0.0,0.385343,FOLD
flop,2,43.57,33.24,59.14,0,0.37,0.432756,FOLD
river,3,4.62,0.74,125.72,0,0.0,0.13806,FOLD
preflop,1,64.37,27.63,47.58,0,0.315,0.300326,CALL
flop,4,60.86,16.05,34.2,0,0.255,0.208685,CALL
river,2,58.01,19.72,93.16,0,0.05,0.253699,FOLD
river,3,53.37,17.0,99.75,0,0.03,0.24158,FOLD
flop,1,70.95,21.93,132.51,0,0.49,0.236111,CALL
preflop,1,34.18,32.96,33.78,0,0.46,0.490915,FOLD
river,2,57.26,5.31,108.56,0,0.0,0.084865,FOLD
river,1,44.03,19.77,105.72,0,0.14,0.309875,FOLD
preflop,3,64.04,2.4,128.41,0,0.35,0.036123,CALL
flop,1,11.95,3.0,59.38,0,0.875,0.200669,RAISE
river,1,27.29,3.35,137.35,0,0.685,0.109334,RAISE
flop,3,48.53,27.05,27.95,0,0.18,0.357899,FOLD
preflop,2,24.13,28.65,64.04,0,0.41,0.542819,FOLD
turn,1,64.98,4.79,74.41,0,0.99,0.068654,RAISE
river,1,28.69,3.52,110.31,0,0.45,0.109283,CALL
flop,4,18.25,16.99,28.83,0,0.24,0.482123,FOLD
flop,3,17.01,2.36,41.52,0,0.945,0.121838,RAISE
preflop,3,51.48,27.24,102.32,0,0.22,0.346037,FOLD
preflop,1,59.26,29.58,88.82,0,0.485,0.332958,CALL
flop,1,2.13,0.14,77.79,0,0.92,0.061674,RAISE
river,2,13.72,7.63,31.39,0,0.68,0.357377,RAISE
preflop,2,23.3,27.91,50.27,0,0.215,0.545011,FOLD
river,4,12.98,5.74,50.1,0,0.0,0.306624,FOLD
turn,2,77.47,16.65,73.25,0,0.285,0.176902,CALL
river,3,7.62,8.9,30.95,0,0.035,0.538741,FOLD
turn,4,68.05,8.31,137.36,0,0.075,0.108827,FOLD
flop,2,50.87,2.32,103.46,0,0.245,0.043617,CALL
flop,4,44.58,3.55,127.46,0,0.095,0.073759,CALL
flop,1,60.31,13.64,56.81,0,0.76,0.184449,RAISE
flop,2,65.19,11.09,89.36,0,0.72,0.145385,RAISE
flop,2,24.17,22.7,33.62,0,0.65,0.484318,RAISE
flop,3,17.31,12.44,75.99,0,0.105,0.418151,FOLD
turn,3,19.85,13.62,138.44,0,0.145,0.406932,FOLD
turn,4,56.29,5.73,122.06,0,0.01,0.09239,FOLD
turn,4,71.45,17.99,34.42,0,0.02,0.20114,FOLD
preflop,4,42.96,2.65,124.65,0,0.26,0.058101,CALL
river,3,4.02,1.76,131.67,0,0.415,0.304498,CALL
flop,1,24.91,4.2,138.69,0,0.595,0.14428,CALL
turn,2,76.2,5.81,132.5,0,0.185,0.070845,CALL
turn,1,30.37,10.29,129.42,0,0.14,0.253074,FOLD
flop,4,17.57,16.06,88.64,0,0.14,0.47755,FOLD
preflop,1,10.6,8.63,59.65,0,0.52,0.448778,CALL
turn,4,27.2,2.12,94.03,0,0.49,0.072306,CALL
river,1,36.9,2.13,80.59,0,0.68,0.054573,RAISE
turn,1,25.95,2.86,122.43,0,0.235,0.099271,CALL
turn,3,4.44,4.85,110.31,0,0.055,0.522067,FOLD
preflop,1,70.55,28.33,70.16,0,0.415,0.286509,CALL
river,1,72.93,10.48,62.78,0,0.82,0.125644,RAISE
river,1,48.86,2.64,138.78,0,0.145,0.051262,CALL
turn,3,15.51,13.09,33.17,0,0.595,0.457692,CALL
river,4,79.11,11.09,118.18,0,0.405,0.122949,CALL
preflop,4,75.16,15.46,116.29,0,0.09,0.170603,FOLD
flop,3,35.81,16.44,99.12,0,0.515,0.314641,CALL
flop,3,47.56,23.36,82.1,0,0.05,0.329385,FOLD
turn,3,72.49,3.17,82.51,0,0.615,0.041898,CALL
river,1,4.74,0.05,46.01,0,0.685,0.010438,RAISE
turn,2,27.52,4.16,54.75,0,0.26,0.131313,CALL
preflop,3,74.35,22.74,85.74,0,0.2,0.234216,FOLD
river,4,56.83,27.55,104.25,0,0.34,0.326499,CALL
flop,2,63.0,13.42,123.66,0,0.68,0.175608,RAISE
flop,3,28.78,21.81,106.8,0,0.22,0.431113,FOLD
river,4,30.14,28.83,21.7,0,0.165,0.488893,FOLD
preflop,3,73.87,22.42,91.25,0,0.21,0.232838,FOLD
river,1,65.43,31.23,101.5,0,0.33,0.323091,CALL
turn,4,60.82,15.0,62.38,0,0.25,0.197837,CALL
turn,4,46.76,19.16,90.49,0,0.39,0.290655,CALL
flop,4,7.34,4.06,114.87,0,0.77,0.35614,RAISE
turn,4,75.32,17.94,133.97,0,0.13,0.192365,FOLD
river,2,19.44,8.56,91.77,0,0.02,0.305714,FOLD
preflop,3,38.28,33.27,122.44,0,0.195,0.46499,FOLD
turn,1,66.69,4.98,69.46,0,0.655,0.069485,RAISE
turn,4,74.26,29.47,92.64,0,0.495,0.284103,CALL
flop,2,67.5,3.21,149.9,0,0.15,0.045397,CALL
flop,2,43.93,10.37,68.89,0,0.905,0.190976,RAISE
flop,1,49.74,28.32,84.96,0,0.71,0.362798,RAISE
turn,1,71.14,12.06,58.9,0,0.355,0.144952,CALL
flop,1,76.32,19.23,125.65,0,0.83,0.201256,RAISE
flop,1,37.12,16.54,102.27,0,0.405,0.308237,CALL
river,2,23.35,26.19,129.93,0,0.9,0.528664,RAISE
turn,4,33.94,15.54,59.56,0,0.01,0.314066,FOLD
preflop,3,33.76,19.5,80.09,0,0.18,0.366128,FOLD
preflop,4,79.25,34.74,51.5,0,0.065,0.304764,FOLD
river,3,28.86,15.55,71.36,0,0.22,0.350146,FOLD
turn,1,43.21,33.98,80.81,0,0.33,0.440212,FOLD
river,3,2.65,1.33,35.69,0,0.69,0.334171,RAISE
river,2,34.91,24.56,34.83,0,0.76,0.412981,RAISE
river,1,52.89,32.56,96.62,0,0.77,0.381042,RAISE
flop,1,67.42,29.39,77.84,0,0.445,0.303584,CALL
preflop,2,64.37,25.45,120.39,0,0.25,0.283344,FOLD
turn,4,68.6,19.52,139.47,0,0.17,0.221516,FOLD
turn,1,15.24,14.08,66.22,0,0.245,0.480218,FOLD
preflop,3,44.85,3.1,143.32,0,0.175,0.064651,CALL
turn,1,33.52,32.67,135.63,0,0.405,0.493579,FOLD
preflop,3,30.38,4.26,106.52,0,0.405,0.122979,CALL
flop,1,58.61,31.93,118.39,0,0.385,0.352662,CALL
preflop,4,35.59,18.1,38.66,0,0.215,0.337121,FOLD
river,2,67.07,26.13,34.23,0,0.57,0.280365,CALL
preflop,3,18.99,21.27,64.89,0,0.135,0.528316,FOLD
river,3,7.42,4.09,105.04,0,0.185,0.355343,FOLD
flop,1,30.71,8.43,92.2,0,0.555,0.215381,CALL
turn,2,71.97,19.99,105.24,0,0.885,0.217377,RAISE
turn,4,23.9,23.42,85.47,0,0.25,0.494928,FOLD
preflop,4,11.7,0.07,54.17,0,0.19,0.005947,CALL
river,2,55.31,7.33,102.02,0,0.06,0.117018,FOLD
flop,2,12.14,4.87,86.06,0,0.675,0.286302,RAISE
river,3,73.41,31.94,149.73,0,0.98,0.30318,RAISE
turn,3,65.61,10.76,122.54,0,0.03,0.140893,FOLD
turn,2,23.78,5.98,147.64,0,0.36,0.200941,CALL
turn,4,19.17,18.81,32.51,0,0.465,0.495261,FOLD
river,1,64.58,3.36,56.12,0,0.58,0.049455,CALL
turn,4,51.91,1.11,131.94,0,0.51,0.020935,CALL
flop,4,63.67,3.85,143.9,0,0.37,0.05702,CALL
turn,3,41.04,22.19,71.34,0,0.06,0.350941,FOLD
flop,2,31.02,29.96,28.56,0,0.23,0.491309,FOLD
river,2,25.46,20.02,85.23,0,0.065,0.440193,FOLD
river,2,50.57,20.47,83.85,0,0.51,0.288148,CALL
preflop,1,49.32,8.53,62.95,0,0.545,0.14745,CALL
preflop,3,2.6,1.11,118.29,0,0.305,0.299191,CALL
turn,3,26.23,10.88,69.09,0,0.05,0.293182,FOLD
turn,3,23.83,6.04,102.37,0,0.125,0.20221,FOLD
preflop,3,41.57,34.2,142.93,0,0.18,0.451366,FOLD
flop,3,55.52,28.47,71.84,0,0.32,0.338969,CALL
river,4,54.95,33.81,74.98,0,0.01,0.380915,FOLD
turn,4,34.88,33.72,142.29,0,0.27,0.491545,FOLD
preflop,2,43.38,18.2,81.69,0,0.61,0.295551,CALL
turn,2,49.86,23.37,81.05,0,0.365,0.319132,CALL
preflop,2,26.99,18.02,71.14,0,0.245,0.400355,FOLD
flop,2,23.11,10.08,138.53,0,0.545,0.303706,CALL
turn,4,6.79,1.01,102.39,0,0.075,0.129487,FOLD
flop,4,47.34,24.68,27.72,0,0.175,0.342683,FOLD
river,2,25.44,20.12,136.24,0,0.01,0.441615,FOLD
flop,3,63.11,6.29,76.28,0,0.095,0.090634,CALL
river,1,21.0,1.53,41.22,0,0.365,0.067909,CALL
preflop,2,46.1,7.21,78.78,0,0.315,0.135247,CALL
preflop,3,59.46,8.05,27.05,0,0.265,0.119242,CALL
river,2,18.78,7.29,107.57,0,0.425,0.279632,CALL
turn,2,2.01,0.35,144.86,0,0.1,0.148305,FOLD
preflop,4,10.12,7.22,116.87,0,0.125,0.416378,FOLD
preflop,4,24.83,3.23,96.26,0,0.185,0.11511,CALL
preflop,4,53.72,5.33,50.14,0,0.14,0.090262,CALL
preflop,2,56.22,15.14,83.26,0,0.245,0.212164,CALL
flop,2,68.68,18.15,130.71,0,0.21,0.209029,CALL
river,4,8.13,5.04,120.1,0,0.0,0.382688,FOLD
river,3,69.74,15.64,75.74,0,0.155,0.183181,FOLD
preflop,4,57.27,33.62,130.49,0,0.3,0.369898,FOLD
flop,4,73.74,5.87,144.78,0,0.125,0.073734,CALL
flop,3,51.88,11.6,111.57,0,0.35,0.182735,CALL
flop,2,59.68,21.63,59.9,0,0.215,0.266019,FOLD
flop,4,2.31,1.87,83.46,0,0.245,0.447368,FOLD
river,2,7.09,3.46,38.04,0,0.01,0.327962,FOLD
flop,4,22.12,5.66,101.34,0,0.06,0.203744,FOLD
turn,2,78.85,6.9,113.55,0,0.165,0.080466,CALL
river,2,64.34,30.46,114.19,0,0.015,0.321308,FOLD
turn,1,52.61,18.47,24.46,0,0.855,0.259848,RAISE
flop,1,12.35,12.1,72.23,0,0.75,0.494888,RAISE
river,2,69.3,16.51,146.78,0,0.83,0.192402,RAISE
turn,3,2.97,3.2,115.7,0,0.27,0.518639,FOLD
turn,1,53.27,15.13,22.26,0,0.595,0.221199,CALL
turn,4,70.2,12.31,44.56,0,0.395,0.149194,CALL
preflop,2,76.4,3.58,80.59,0,0.17,0.044761,CALL
river,3,62.81,30.7,141.48,0,0.015,0.328307,FOLD
river,3,45.76,19.49,59.68,0,0.005,0.298697,FOLD
preflop,2,41.64,32.49,45.6,0,0.36,0.438284,FOLD
preflop,3,32.57,33.2,83.53,0,0.205,0.504789,FOLD
preflop,2,49.67,2.05,135.56,0,0.485,0.039637,CALL
river,4,7.34,7.44,110.71,0,0.36,0.503383,FOLD
preflop,3,11.32,6.22,52.84,0,0.18,0.354618,FOLD
flop,3,58.26,5.06,76.34,0,0.21,0.079912,CALL
preflop,2,9.39,6.16,146.18,0,0.465,0.396141,CALL
flop,2,21.04,19.33,47.81,0,0.22,0.478821,FOLD
flop,2,31.4,5.21,138.24,0,0.275,0.142311,CALL
river,2,69.4,26.36,68.2,0,0.105,0.275272,FOLD
preflop,4,71.45,19.92,69.18,0,0.245,0.218015,CALL
river,1,76.86,32.53,147.34,0,0.5,0.297376,CALL
preflop,1,12.15,0.57,84.92,0,0.57,0.044811,CALL
preflop,2,15.41,9.25,68.44,0,0.375,0.375101,CALL
river,3,64.73,18.37,135.43,0,0.12,0.221059,FOLD
turn,2,5.64,4.5,113.82,0,0.085,0.443787,FOLD
turn,3,25.85,1.99,129.88,0,0.37,0.07148,CALL
preflop,1,10.75,1.93,70.38,0,0.265,0.152208,CALL
river,3,14.73,2.65,73.15,0,0.17,0.152474,CALL
flop,1,51.84,32.03,75.08,0,0.625,0.381901,CALL
turn,1,51.67,18.45,74.71,0,0.59,0.26312,CALL
flop,3,68.88,20.27,148.27,0,0.15,0.22737,FOLD
flop,4,4.61,2.78,110.23,0,0.155,0.376184,FOLD
river,3,71.74,27.87,90.83,0,0.0,0.279791,FOLD
turn,3,50.7,27.92,91.59,0,0.37,0.355126,CALL
flop,3,44.55,20.51,99.27,0,0.135,0.315247,FOLD
river,4,73.04,19.89,64.59,0,0.095,0.214032,FOLD
river,4,24.67,19.2,36.51,0,0.405,0.437657,FOLD
river,4,26.44,2.0,54.68,0,0.01,0.070323,FOLD
flop,2,74.41,26.55,41.2,0,0.18,0.262975,FOLD
river,3,44.35,0.14,31.95,0,0.0,0.003147,CALL
flop,3,26.96,29.74,140.8,0,0.065,0.524515,FOLD
river,2,43.66,26.15,24.03,0,0.255,0.374588,FOLD
river,2,35.62,22.99,83.72,0,0.46,0.392254,CALL
river,2,64.73,33.03,79.64,0,0.31,0.337868,FOLD
preflop,3,40.53,28.91,112.71,0,0.28,0.416331,FOLD
river,1,51.06,13.26,52.69,0,0.44,0.206157,CALL
river,1,16.75,8.62,42.43,0,0.545,0.339771,CALL
turn,4,28.9,27.85,83.12,0,0.0,0.490749,FOLD
preflop,1,53.21,12.63,138.06,0,0.44,0.191829,CALL
turn,4,50.8,9.89,100.82,0,0.18,0.162959,CALL
river,1,15.56,7.73,149.24,0,0.215,0.331902,FOLD
preflop,2,36.25,12.0,149.6,0,0.205,0.248705,FOLD
river,1,51.31,20.07,38.15,0,0.1,0.281171,FOLD
flop,1,69.43,6.12,72.14,0,0.585,0.081006,CALL
preflop,2,77.78,21.3,70.75,0,0.275,0.214978,CALL
turn,4,61.9,25.35,52.32,0,0.09,0.290544,FOLD
river,2,10.76,12.38,20.48,0,0.0,0.535004,FOLD
river,3,63.65,14.18,43.6,0,0.62,0.182192,CALL
turn,4,24.11,10.3,144.46,0,0.17,0.299332,FOLD
flop,1,38.12,34.03,101.27,0,0.355,0.471656,FOLD
turn,2,20.06,19.91,100.44,0,0.4,0.498124,FOLD
turn,2,10.15,4.43,43.52,0,0.29,0.303841,CALL
turn,1,78.23,16.2,80.48,0,0.425,0.171556,CALL
flop,1,49.41,3.56,124.59,0,0.25,0.067208,CALL
turn,1,70.03,27.72,82.79,0,0.62,0.283581,CALL
river,3,34.38,8.23,136.49,0,0.0,0.193147,FOLD
preflop,2,17.05,5.6,145.04,0,0.375,0.247241,CALL
preflop,3,48.85,30.42,56.64,0,0.125,0.383752,FOLD
flop,4,59.39,30.84,135.63,0,0.3,0.341793,FOLD
flop,4,55.47,4.05,132.57,0,0.015,0.068044,FOLD
turn,4,31.36,25.21,70.58,0,0.225,0.445643,FOLD
preflop,1,65.22,22.05,92.81,0,0.465,0.252664,CALL
turn,3,20.1,7.46,134.7,0,0.415,0.270682,CALL
flop,2,73.23,0.97,30.46,0,0.47,0.013073,CALL
flop,1,63.96,30.37,43.26,0,0.635,0.321955,CALL
river,1,79.32,20.29,59.48,0,0.8,0.203694,RAISE
turn,4,41.66,21.58,114.44,0,0.0,0.34124,FOLD
river,3,22.7,16.73,125.34,0,0.35,0.424296,FOLD
preflop,4,78.96,19.35,96.05,0,0.15,0.196826,FOLD
flop,3,6.71,4.47,148.4,0,0.475,0.399821,CALL
preflop,4,8.51,6.17,89.1,0,0.23,0.4203,FOLD
flop,4,56.29,7.23,130.95,0,0.15,0.113822,CALL
flop,4,61.85,8.27,79.91,0,0.265,0.117941,CALL
turn,3,58.86,17.0,107.17,0,0.19,0.224097,FOLD
turn,3,33.92,5.88,78.58,0,0.04,0.147739,FOLD
turn,2,64.27,4.03,138.83,0,0.04,0.059004,CALL
preflop,3,56.51,8.91,114.17,0,0.21,0.136197,CALL
turn,3,41.5,11.63,145.61,0,0.07,0.218897,FOLD
preflop,4,3.8,2.67,56.99,0,0.275,0.412674,FOLD
turn,2,41.2,10.16,73.21,0,0.115,0.197819,FOLD
river,2,41.25,32.46,72.03,0,0.14,0.440374,FOLD
turn,1,11.31,2.67,25.73,0,0.225,0.190987,CALL
flop,3,59.01,14.17,126.48,0,0.09,0.193632,FOLD
flop,1,7.89,8.0,30.04,0,0.78,0.503461,RAISE
river,1,51.52,18.68,136.82,0,0.95,0.266097,RAISE
river,2,41.94,33.45,88.85,0,0.105,0.443693,FOLD
turn,3,7.26,8.34,146.11,0,0.15,0.534615,FOLD
preflop,1,44.98,27.27,126.69,0,0.555,0.377439,CALL
preflop,4,74.82,0.11,120.4,0,0.24,0.001468,CALL
river,2,53.8,7.77,131.97,0,0.95,0.126198,RAISE
river,3,2.82,2.63,86.44,0,0.61,0.482569,CALL
river,3,24.53,11.57,140.91,0,0.0,0.320499,FOLD
river,1,77.29,32.77,20.4,0,0.02,0.297747,FOLD
preflop,4,64.81,26.88,60.2,0,0.275,0.293162,CALL
preflop,3,2.43,2.62,87.86,0,0.225,0.518812,FOLD
turn,3,33.68,29.22,58.78,0,0.13,0.464547,FOLD
river,2,65.72,23.62,30.74,0,0.49,0.264383,CALL
preflop,3,44.25,1.19,22.88,0,0.18,0.026188,CALL
turn,4,8.63,1.45,121.01,0,0.42,0.143849,CALL
river,4,41.44,20.68,79.02,0,0.005,0.332904,FOLD
river,3,25.12,15.38,58.13,0,0.135,0.379753,FOLD
turn,1,54.92,8.56,104.42,0,0.46,0.134846,CALL
flop,2,6.25,2.34,113.18,0,0.115,0.27241,FOLD
river,4,13.14,4.28,149.35,0,0.01,0.245695,FOLD
flop,3,9.57,1.45,142.01,0,0.095,0.131579,FOLD
river,2,26.84,19.89,83.75,0,0.325,0.425637,FOLD
flop,1,19.21,12.61,101.95,0,0.91,0.396292,RAISE
preflop,1,70.67,31.92,96.22,0,0.51,0.311141,CALL
turn,4,30.88,7.36,119.74,0,0.15,0.192469,FOLD
turn,1,37.04,14.7,93.71,0,0.145,0.284113,FOLD
flop,3,8.36,9.32,124.23,0,0.285,0.527149,FOLD
flop,3,32.89,19.16,101.33,0,0.295,0.368108,FOLD
flop,3,53.86,11.1,44.8,0,0.14,0.170874,FOLD
river,2,57.45,14.67,89.58,0,0.0,0.203411,FOLD
river,1,31.09,23.94,129.12,0,0.28,0.435035,FOLD
flop,4,34.54,25.17,129.56,0,0.225,0.421537,FOLD
flop,1,67.46,10.23,126.89,0,0.545,0.131677,CALL
turn,4,18.99,21.31,60.34,0,0.04,0.528784,FOLD
turn,1,52.66,7.01,81.4,0,0.88,0.117479,RAISE
flop,3,5.83,3.64,92.13,0,0.115,0.384372,FOLD
flop,3,63.22,27.2,54.27,0,0.105,0.300818,FOLD
flop,3,35.17,7.49,118.68,0,0.115,0.175574,FOLD
turn,3,26.23,0.98,74.14,0,0.13,0.036016,CALL
flop,4,54.26,3.94,56.79,0,0.035,0.067698,FOLD
flop,1,61.8,31.85,36.25,0,0.56,0.340096,CALL
flop,4,6.17,3.44,50.52,0,0.215,0.35796,FOLD
flop,4,4.94,1.21,148.87,0,0.395,0.196748,CALL
turn,4,62.51,9.21,107.78,0,0.05,0.128416,FOLD
turn,2,48.46,17.69,65.27,0,0.24,0.267423,FOLD
turn,2,18.17,19.18,116.27,0,0.24,0.513521,FOLD
preflop,3,7.02,7.89,117.74,0,0.255,0.529175,FOLD
river,1,18.88,21.53,48.32,0,0.6,0.532789,CALL
preflop,1,31.24,28.39,121.25,0,0.495,0.476103,CALL
turn,2,26.96,13.57,119.18,0,0.36,0.334814,CALL
flop,1,62.67,30.86,43.22,0,0.175,0.329948,FOLD
turn,4,52.1,30.78,60.3,0,0.075,0.37138,FOLD
flop,4,46.03,9.47,72.95,0,0.07,0.170631,FOLD
river,3,63.6,10.47,123.07,0,0.02,0.141353,FOLD
turn,1,36.67,12.23,100.16,0,0.085,0.250102,FOLD
river,3,14.76,8.58,31.38,0,0.855,0.367609,RAISE
flop,1,29.89,25.95,132.6,0,0.345,0.464721,FOLD
turn,3,6.24,6.15,41.79,0,0.235,0.496368,FOLD
flop,4,61.92,1.57,88.53,0,0.57,0.024728,CALL
turn,4,67.43,16.26,29.67,0,0.145,0.194288,FOLD
preflop,2,7.5,3.12,87.67,0,0.325,0.293785,CALL
river,4,49.33,16.29,41.8,0,0.175,0.248247,FOLD
turn,2,43.13,29.25,132.77,0,0.545,0.404117,CALL
river,3,30.13,20.76,112.8,0,0.105,0.407939,FOLD
flop,2,16.75,9.29,37.1,0,0.44,0.356759,CALL
river,4,28.6,7.44,30.25,0,0.04,0.206437,FOLD
river,2,9.28,3.88,22.07,0,0.47,0.294833,CALL
river,1,33.05,8.74,48.1,0,0.63,0.209141,CALL
river,2,70.43,10.61,40.96,0,0.035,0.130923,FOLD
turn,3,77.58,21.0,137.85,0,0.175,0.213025,FOLD
preflop,2,17.12,3.87,134.9,0,0.44,0.184374,CALL
flop,4,43.36,19.72,84.17,0,0.145,0.312619,FOLD
preflop,1,33.02,13.81,28.55,0,0.43,0.294896,CALL
preflop,1,56.74,25.76,66.64,0,0.49,0.312242,CALL
flop,3,30.96,13.69,35.07,0,0.34,0.306607,CALL
preflop,2,3.58,4.24,101.6,0,0.275,0.542199,FOLD
turn,4,20.42,19.95,62.02,0,0.74,0.494179,RAISE
river,4,9.14,2.05,53.9,0,0.245,0.183199,CALL
river,4,12.79,14.88,108.84,0,0.0,0.537767,FOLD
river,1,52.64,17.13,54.63,0,0.04,0.245521,FOLD
turn,2,39.19,12.74,146.25,0,0.1,0.24533,FOLD
river,3,32.36,33.72,21.94,0,0.345,0.510291,FOLD
preflop,1,2.5,2.4,70.19,0,0.43,0.489796,FOLD
preflop,3,2.58,1.99,57.35,0,0.27,0.435449,FOLD
river,3,69.63,8.96,41.21,0,0.03,0.114009,FOLD
turn,3,16.35,12.73,23.63,0,0.305,0.437758,FOLD
river,2,61.95,33.93,90.4,0,0.015,0.35388,FOLD
preflop,3,29.78,18.55,86.24,0,0.235,0.38382,FOLD
preflop,2,22.59,17.06,43.58,0,0.245,0.430265,FOLD
preflop,2,71.8,33.63,90.67,0,0.34,0.318979,CALL
turn,2,26.06,19.22,90.59,0,0.105,0.42447,FOLD
turn,4,23.07,2.16,93.26,0,0.15,0.085612,CALL
river,3,8.69,1.68,90.96,0,0.13,0.162006,FOLD
preflop,2,66.45,4.38,110.16,0,0.3,0.061838,CALL
river,3,42.04,19.88,124.23,0,0.14,0.321059,FOLD
turn,3,13.7,2.89,83.48,0,0.605,0.174201,CALL
flop,1,42.18,26.57,145.85,0,0.67,0.386473,RAISE
river,2,17.76,14.14,40.04,0,0.345,0.44326,FOLD
river,1,8.32,1.65,23.55,0,0.015,0.165496,FOLD
flop,4,39.26,13.56,46.08,0,0.165,0.256721,FOLD
flop,4,79.67,1.13,105.24,0,0.08,0.013985,CALL
turn,4,10.21,9.35,30.89,0,0.025,0.478016,FOLD
flop,2,42.72,19.72,42.74,0,0.13,0.315823,FOLD
turn,1,60.86,34.51,128.22,0,0.56,0.361854,CALL
flop,4,52.13,12.01,105.1,0,0.03,0.187247,FOLD
river,2,71.38,23.79,23.25,0,0.0,0.249974,FOLD
turn,4,5.41,1.72,85.9,0,0.07,0.241234,FOLD
flop,3,63.53,12.14,49.18,0,0.76,0.160433,RAISE
river,2,18.69,18.64,79.2,0,0.105,0.49933,FOLD
turn,1,45.35,13.78,108.73,0,0.545,0.233046,CALL
turn,3,47.94,23.69,102.32,0,0.155,0.330727,FOLD
river,2,69.06,20.38,116.5,0,0.165,0.227862,FOLD
preflop,4,10.55,1.73,145.02,0,0.355,0.140879,CALL
turn,1,10.77,7.89,120.49,0,0.36,0.42283,FOLD
flop,3,49.23,15.27,95.34,0,0.2,0.236744,FOLD
turn,3,63.93,33.12,77.67,0,0.25,0.341267,FOLD
flop,2,49.76,3.22,88.56,0,0.16,0.060778,CALL
turn,4,57.44,20.37,95.65,0,0.165,0.261792,FOLD
preflop,1,24.5,11.71,114.47,0,0.475,0.323391,CALL
turn,1,62.23,6.84,42.27,0,0.88,0.09903,RAISE
river,2,76.9,19.87,126.45,0,0.175,0.205332,FOLD
turn,2,22.31,22.63,130.82,0,0.085,0.50356,FOLD
river,4,51.88,5.16,45.41,0,0.015,0.090463,FOLD
river,1,12.87,6.55,30.61,0,0.96,0.337281,RAISE
turn,1,28.68,33.05,44.29,0,0.655,0.535396,RAISE
turn,2,33.42,7.28,137.96,0,0.015,0.17887,FOLD
turn,1,70.26,6.52,27.45,0,0.525,0.084918,CALL
preflop,2,41.7,5.11,29.98,0,0.325,0.109165,CALL
flop,4,20.41,13.28,28.2,0,0.225,0.394182,FOLD
flop,2,78.22,21.61,51.27,0,0.17,0.216468,FOLD
flop,2,23.92,4.42,142.83,0,0.635,0.155963,CALL
river,2,64.82,3.22,22.52,0,0.31,0.047325,CALL
preflop,2,45.76,26.83,127.21,0,0.27,0.36961,FOLD
preflop,3,50.74,26.04,32.08,0,0.23,0.339151,FOLD
river,1,40.59,3.97,86.75,0,0.37,0.089093,CALL
turn,4,6.52,2.59,134.3,0,0.08,0.284303,FOLD
flop,4,26.67,9.54,53.47,0,0.165,0.263463,FOLD
flop,3,56.77,3.07,89.64,0,0.05,0.051303,CALL
preflop,2,42.97,15.46,79.93,0,0.375,0.26459,CALL
river,2,67.03,23.45,121.58,0,0.17,0.259173,FOLD
preflop,3,75.73,2.83,54.72,0,0.315,0.036023,CALL
preflop,2,72.84,33.54,145.75,0,0.305,0.315285,CALL
turn,1,59.5,20.14,36.8,0,0.56,0.252888,CALL
turn,4,36.15,14.85,29.61,0,0.01,0.291176,FOLD
turn,3,50.87,26.47,122.18,0,0.21,0.342255,FOLD
turn,3,75.47,15.04,119.43,0,0.235,0.166169,CALL
flop,4,19.78,7.96,115.66,0,0.06,0.28695,FOLD
river,4,39.84,32.62,134.56,0,0.0,0.450179,FOLD
river,4,43.1,29.56,112.36,0,0.0,0.406826,FOLD
flop,3,6.45,2.07,105.57,0,0.225,0.242958,CALL
river,1,73.99,13.65,145.58,0,0.35,0.155751,CALL
river,1,8.93,10.41,139.51,0,0.36,0.538263,FOLD
flop,2,49.48,9.08,21.72,0,0.28,0.155055,CALL
preflop,2,35.97,5.68,120.86,0,0.215,0.136375,CALL
flop,2,45.15,18.6,141.4,0,0.255,0.291765,FOLD
river,1,52.9,17.88,140.46,0,0.92,0.252614,RAISE
river,4,44.93,10.87,143.35,0,0.03,0.194803,FOLD
river,4,60.43,17.07,92.74,0,0.26,0.220258,CALL
preflop,2,28.01,14.99,89.75,0,0.465,0.348605,CALL
turn,1,51.57,10.39,73.25,0,0.89,0.167689,RAISE
turn,4,66.79,29.28,55.19,0,0.06,0.304778,FOLD
preflop,4,72.41,24.28,97.44,0,0.25,0.251112,CALL
turn,2,19.59,15.02,54.77,0,0.24,0.433979,FOLD
preflop,1,78.28,9.82,69.36,0,0.615,0.111464,CALL
preflop,1,59.32,27.06,105.54,0,0.42,0.313267,CALL
turn,1,77.7,13.33,72.72,0,0.195,0.146435,CALL
flop,3,11.18,9.24,69.09,0,0.36,0.452498,FOLD
preflop,2,56.78,6.22,41.91,0,0.52,0.09873,CALL
preflop,4,52.34,5.12,72.75,0,0.14,0.089105,CALL
preflop,1,58.63,18.85,28.06,0,0.47,0.243289,CALL
turn,4,62.89,23.55,131.84,0,0.045,0.272443,FOLD
turn,1,68.0,11.51,77.2,0,0.275,0.144762,CALL
river,2,72.02,14.79,107.1,0,0.0,0.170372,FOLD
preflop,2,46.47,9.27,113.39,0,0.66,0.166308,RAISE
preflop,4,62.76,9.64,126.62,0,0.095,0.133149,FOLD
preflop,2,13.51,3.56,111.27,0,0.385,0.208553,CALL
preflop,2,60.05,16.31,87.64,0,0.21,0.213594,CALL
flop,2,22.34,15.58,82.83,0,0.085,0.410865,FOLD
river,3,43.52,28.78,44.63,0,0.0,0.398064,FOLD
flop,4,21.61,8.61,44.35,0,0.19,0.284911,FOLD
river,4,38.96,15.47,138.43,0,0.02,0.284218,FOLD
river,3,14.59,7.09,76.65,0,0.58,0.32703,CALL
preflop,1,43.4,8.09,125.2,0,0.54,0.157118,CALL
flop,2,42.01,17.56,106.48,0,0.095,0.294779,FOLD
turn,3,9.37,2.75,81.54,0,0.15,0.226898,FOLD
flop,1,41.74,34.59,68.04,0,0.685,0.453164,RAISE
preflop,1,72.33,4.05,147.44,0,0.585,0.053024,CALL
turn,3,54.69,14.85,37.96,0,0.23,0.213546,CALL
river,3,65.9,12.25,134.67,0,0.02,0.15675,FOLD
turn,2,45.09,16.36,47.61,0,0.13,0.266233,FOLD
turn,2,58.77,3.39,116.65,0,0.93,0.054537,RAISE
river,2,28.96,18.17,114.44,0,0.125,0.385529,FOLD
river,4,62.33,24.76,36.92,0,0.0,0.284304,FOLD
preflop,1,39.86,11.64,93.24,0,0.625,0.226019,CALL
preflop,4,44.81,10.17,100.12,0,0.18,0.184976,CALL
turn,1,10.33,6.88,52.83,0,0.545,0.399768,CALL
preflop,2,23.16,18.92,29.02,0,0.385,0.44962,FOLD
flop,4,7.35,0.64,74.32,0,0.295,0.0801,CALL
flop,3,32.13,28.68,140.4,0,0.33,0.471633,FOLD
river,3,55.84,33.9,118.14,0,0.75,0.377758,RAISE
flop,1,8.0,0.7,33.33,0,0.435,0.08046,CALL
preflop,3,53.96,24.48,31.44,0,0.3,0.312086,CALL
flop,2,71.06,7.44,81.84,0,0.395,0.094777,CALL
river,2,52.27,31.56,81.4,0,0.015,0.376476,FOLD
flop,4,69.82,13.76,145.8,0,0.115,0.164633,FOLD
flop,2,35.35,32.77,56.63,0,0.105,0.481063,FOLD
turn,3,6.92,3.76,38.14,0,0.05,0.35206,FOLD
flop,1,32.89,12.5,54.33,0,0.525,0.275391,CALL
preflop,3,54.85,16.92,80.33,0,0.195,0.235753,FOLD
preflop,4,28.95,27.65,40.26,0,0.245,0.488516,FOLD
turn,2,11.23,11.93,145.66,0,0.22,0.515112,FOLD
flop,1,40.55,31.01,111.94,0,0.855,0.433343,RAISE
preflop,4,20.82,16.38,112.76,0,0.275,0.440323,FOLD
preflop,1,24.09,14.94,94.65,0,0.325,0.382782,FOLD
flop,4,55.62,33.14,70.26,0,0.1,0.373366,FOLD
preflop,3,4.75,2.2,139.46,0,0.265,0.316547,FOLD
flop,1,30.9,7.38,67.37,0,0.32,0.19279,CALL
flop,2,44.33,20.38,96.92,0,0.68,0.314944,RAISE
preflop,3,47.29,12.94,111.66,0,0.205,0.214843,CALL
flop,2,23.27,16.62,120.45,0,0.115,0.416646,FOLD
river,2,32.71,1.75,96.0,0,0.635,0.050784,CALL
river,4,5.2,0.23,99.8,0,0.27,0.042357,CALL
river,2,44.62,3.34,121.38,0,0.77,0.069641,RAISE
turn,2,75.56,17.13,59.92,0,0.16,0.18481,FOLD
river,1,63.19,17.87,94.81,0,0.615,0.220454,CALL
preflop,2,15.44,1.76,36.87,0,0.335,0.102326,CALL
preflop,4,58.04,13.52,41.87,0,0.115,0.188932,FOLD
turn,1,58.85,14.21,20.37,0,0.315,0.194498,CALL
turn,1,5.64,5.82,64.76,0,0.23,0.507853,FOLD
turn,1,24.15,12.41,143.01,0,0.69,0.339442,RAISE
preflop,1,39.04,34.72,122.28,0,0.39,0.470716,FOLD
river,4,61.27,7.63,119.65,0,0.49,0.11074,CALL
preflop,3,3.48,3.5,62.61,0,0.275,0.501433,FOLD
turn,1,53.27,11.22,39.68,0,0.26,0.17398,CALL
flop,3,44.36,4.49,148.34,0,0.06,0.091914,FOLD
preflop,3,31.09,31.92,110.56,0,0.235,0.506586,FOLD
turn,3,69.52,23.35,105.72,0,0.07,0.251427,FOLD
turn,2,41.12,11.5,74.31,0,0.705,0.218548,RAISE
river,3,58.82,24.94,53.48,0,0.11,0.297755,FOLD
river,1,35.03,6.79,83.1,0,0.175,0.162363,CALL
flop,2,52.21,7.6,98.94,0,0.5,0.127069,CALL
preflop,3,16.28,2.15,68.61,0,0.21,0.116658,CALL
preflop,3,10.41,1.23,76.57,0,0.29,0.10567,CALL
turn,1,59.14,16.32,119.75,0,0.315,0.216274,CALL
flop,3,64.12,10.64,127.68,0,0.065,0.142322,FOLD
flop,1,70.63,29.63,120.52,0,0.855,0.295532,RAISE
turn,1,43.9,26.8,26.8,0,0.44,0.379066,CALL
preflop,3,72.55,33.99,92.96,0,0.315,0.319035,CALL
preflop,2,46.17,29.88,75.89,0,0.41,0.392899,CALL
turn,1,60.7,32.63,42.64,0,0.56,0.34962,CALL
preflop,2,26.91,30.45,135.75,0,0.565,0.530858,CALL
flop,2,25.8,0.02,110.67,0,0.075,0.000775,CALL
preflop,3,72.03,12.95,90.13,0,0.21,0.152389,CALL
river,2,75.78,14.87,60.63,0,0.545,0.164038,CALL
turn,2,42.7,29.53,122.75,0,0.1,0.408833,FOLD
flop,3,60.09,7.69,124.47,0,0.32,0.113455,CALL
flop,3,51.99,9.44,75.61,0,0.195,0.153671,CALL
river,4,48.99,30.63,36.58,0,0.77,0.384702,RAISE
flop,4,75.41,18.45,60.32,0,0.315,0.196569,CALL
turn,1,34.36,7.71,54.8,0,0.86,0.183266,RAISE
flop,3,67.17,3.94,129.13,0,0.51,0.055407,CALL
river,3,5.34,5.54,120.74,0,0.005,0.509191,FOLD
river,4,63.35,1.86,127.95,0,0.865,0.028523,RAISE
flop,3,46.48,9.88,29.47,0,0.445,0.175302,CALL
turn,1,47.37,16.19,78.62,0,0.5,0.25472,CALL
preflop,3,67.55,13.25,39.81,0,0.195,0.163985,CALL
turn,3,59.62,4.01,67.06,0,0.22,0.063021,CALL
river,4,54.28,14.32,60.05,0,0.205,0.208746,CALL
turn,2,3.89,3.48,110.67,0,0.375,0.472185,FOLD
flop,3,45.94,15.7,91.72,0,0.13,0.254705,FOLD
river,4,20.92,19.49,85.86,0,0.0,0.482306,FOLD
river,3,31.67,33.16,110.11,0,0.07,0.511492,FOLD
turn,4,33.56,9.69,120.96,0,0.635,0.224046,CALL
flop,4,57.73,30.61,35.88,0,0.075,0.346502,FOLD
flop,3,19.12,3.56,55.84,0,0.1,0.156966,FOLD
turn,1,3.36,1.94,145.2,0,0.76,0.366038,RAISE
preflop,1,45.69,31.28,99.36,0,0.455,0.406392,CALL
turn,2,78.24,24.73,25.41,0,0.09,0.240167,FOLD
preflop,3,21.85,4.36,145.82,0,0.28,0.166349,CALL
turn,3,51.07,29.26,94.78,0,0.37,0.364247,CALL
flop,1,51.96,9.0,145.76,0,0.86,0.147638,RAISE
preflop,4,16.83,5.43,63.26,0,0.345,0.243935,CALL
preflop,4,66.95,0.25,140.57,0,0.24,0.00372,CALL
river,3,19.96,5.43,130.74,0,0.0,0.213864,FOLD
flop,2,4.33,2.98,82.45,0,0.215,0.407661,FOLD
turn,3,45.35,23.27,111.33,0,0.05,0.339114,FOLD
flop,1,16.12,17.59,141.21,0,0.445,0.521804,FOLD
flop,2,31.24,12.07,29.11,0,0.7,0.278689,RAISE
river,3,6.59,5.93,38.51,0,0.01,0.473642,FOLD
preflop,1,41.86,13.31,51.36,0,0.655,0.241254,RAISE
preflop,4,69.79,2.51,47.94,0,0.16,0.034716,CALL
preflop,3,17.86,8.92,137.95,0,0.285,0.333084,FOLD
river,1,47.19,14.84,125.25,0,0.895,0.239239,RAISE
preflop,2,64.73,28.93,75.63,0,0.415,0.308883,CALL
river,4,63.46,7.13,100.55,0,0.01,0.101006,FOLD
turn,1,77.25,32.97,34.44,0,0.52,0.299129,CALL
river,4,8.35,6.26,103.32,0,0.6,0.428474,CALL
preflop,2,6.93,3.67,144.34,0,0.475,0.346226,CALL
river,3,48.08,3.55,83.55,0,0.0,0.068758,FOLD
turn,1,51.23,13.4,67.39,0,0.23,0.207334,CALL
river,3,74.61,20.98,65.22,0,0.595,0.219479,CALL
river,3,59.0,15.03,21.57,0,0.66,0.203026,RAISE
river,1,29.57,23.48,104.01,0,0.64,0.442601,CALL
turn,2,55.28,34.58,53.44,0,0.845,0.384821,RAISE
turn,1,59.65,10.56,74.94,0,0.14,0.150406,CALL
flop,3,15.78,1.23,69.85,0,0.57,0.07231,CALL
turn,3,20.81,22.5,132.22,0,0.04,0.519511,FOLD
flop,1,60.79,10.98,132.23,0,0.695,0.152989,RAISE
river,2,18.23,1.17,23.71,0,0.36,0.060309,CALL
turn,2,26.61,12.93,114.69,0,0.09,0.327011,FOLD
flop,2,63.49,28.85,31.32,0,0.13,0.312432,FOLD
turn,4,55.79,31.35,29.16,0,0.295,0.359766,FOLD
river,3,65.58,21.14,121.15,0,0.37,0.243773,CALL
flop,4,20.65,13.07,46.58,0,0.115,0.387604,FOLD
river,2,58.47,12.83,32.52,0,0.0,0.179944,FOLD
turn,2,50.95,5.54,136.34,0,0.815,0.09807,RAISE
flop,2,24.85,17.7,70.36,0,0.585,0.415981,CALL
flop,1,68.21,27.8,148.31,0,0.3,0.289553,CALL
preflop,2,44.67,20.6,92.07,0,0.345,0.315612,CALL
flop,1,70.61,31.77,109.04,0,0.39,0.310315,CALL
flop,1,65.3,7.96,53.41,0,0.69,0.108654,RAISE
